description,division,group,qty,total_amount
AMERICAN COFFEE,Hot-Coffee Based,Hot-Coffee Based,8.0,2860540.5
CAPPUCCINO,Hot-Coffee Based,Hot-Coffee Based,1.0,417162.16
CAFFE LATTE,Hot-Coffee Based,Hot-Coffee Based,47.0,19606621.36
CAFE MOCHA,Hot-Coffee Based,Hot-Coffee Based,5.0,2536081.12
CARAMEL MACHIATO,Hot-Coffee Based,Hot-Coffee Based,7.0,3754459.41
CAFFE AMERICANO,Hot-Coffee Based,Hot-Coffee Based,4.0,953513.5
SINGLE ESPRESSO,Hot-Coffee Based,Hot-Coffee Based,29.0,6912972.88
DOUBLE ESPRESSO,Hot-Coffee Based,Hot-Coffee Based,55.0,18063783.51
ESPRESSO MACCHIATO,Hot-Coffee Based,Hot-Coffee Based,1.0,328432.43
WHITE MOCHA,Hot-Coffee Based,Hot-Coffee Based,6.0,3043297.34
FLAT WHITE,Hot-Coffee Based,Hot-Coffee Based,1.0,388027.02
HOT CHOCOLATE COMBO,Hot-Coffee Based,Hot-Coffee Based,20.0,13243243.23
[CARAMEL DRESSING],Hot-Coffee Based,Free Dressing,69.0,0.0
[CHOCOLATE DRESSING],Hot-Coffee Based,Free Dressing,34.0,0.0
[NO DRESSING],Hot-Coffee Based,Free Dressing,57.0,0.0
[STRAWBERRY DRESSING],Hot-Coffee Based,Free Dressing,5.0,0.0
[SALTED CARAMEL DRESSING],Hot-Coffee Based,Free Dressing,1.0,0.0
WHIPPED CREAM...,Hot-Coffee Based,Free Whipped Cream,73.0,0.0
NO WHIPPED CREAM,Hot-Coffee Based,Free Whipped Cream,107.0,0.0
PRESSED,Hot-Coffee Based,CHIMNEY CAKE OPTIONS,292.0,0.0
REGULAR,Hot-Coffee Based,CHIMNEY CAKE OPTIONS,9.0,0.0
ICE CREAM ON TOP,Hot-Coffee Based,OPTIONS ICE CREAM,128.0,0.0
ICE CREAM ON THE SIDE,Hot-Coffee Based,OPTIONS ICE CREAM,195.0,0.0
"CARAMEL  SAUCE,",Bev Add-ons,Bev Add-ons,2.0,180108.1
VANILLA SYRUP,Bev Add-ons,Bev Add-ons,3.0,270162.16
MOCHA FRAPPE,Frappes,Frappes,14.0,7508918.82
CARAMEL MOCHA FRAPPE,Frappes,Frappes,10.0,5363513.44
HAZELNUT MOCHA FRAPPE,Frappes,Frappes,3.0,1609054.03
CARAMEL FRAPPE,Frappes,Frappes,51.0,27353918.55
VANILLA FRAPPE,Frappes,Frappes,2.0,1072702.69
WHITE MOCHA FRAPPE,Frappes,Frappes,5.0,2681756.72
HAZELNUT FRAPPE,Frappes,Frappes,2.0,1072702.69
MATCHA FRAPPE,Frappes,Frappes,3.0,1879216.23
SALTED CARAMEL FRAPPE,Frappes,Frappes,2.0,1072702.69
ESPRESSO FRAPPE,Frappes,Frappes,5.0,2238108.08
TOFFEE NUT FRAPPE,Frappes,Frappes,6.0,3218108.07
VANILLA MILKSHAKE,Shakes,Shakes,18.0,9654324.2
OREO MILKSHAKE,Shakes,Shakes,28.0,20023783.93
STRAWBERRY MILKSHAKE,Shakes,Shakes,12.0,8581621.68
MATCHA MILKSHAKE,Shakes,Shakes,2.0,1787837.84
SALTED CARAMEL MILKSHAKE,Shakes,Shakes,4.0,3098918.94
PISTACHIO MILKSHAKE,Shakes,Shakes,8.0,7151351.37
GRANOLA BERRIES MILKSHAKE,Shakes,Shakes,1.0,774729.73
DOUBLE CHOCOLATE MILKSHAKE,Shakes,Shakes,2.0,1549459.47
FRUIT LOOPS MILKSHAKE,Shakes,Shakes,1.0,774729.73
TOFFEE NUT MILKSHAKE,Shakes,Shakes,1.0,774729.73
WATER,Hot and Cold Drinks,Hot and Cold Drinks,473.0,37584321.76
BALKIS LEMONADE,Hot and Cold Drinks,Hot and Cold Drinks,1.0,238378.38
MANGO PASSION,Hot and Cold Drinks,Hot and Cold Drinks,10.0,4171621.57
MELON PASSION,Hot and Cold Drinks,Hot and Cold Drinks,3.0,1251486.47
WILD BERRIES,Hot and Cold Drinks,Hot and Cold Drinks,3.0,1251486.47
WILD BERRIES PASSION,Hot and Cold Drinks,Hot and Cold Drinks,3.0,1251486.47
PEACH ICED TEA,Hot and Cold Drinks,TEA FLAVORS,29.0,12097702.54
RASPBERRY ICED TEA,Hot and Cold Drinks,TEA FLAVORS,10.0,4171621.57
NO CINNAMON,Conuts,Conuts,9.0,0.0
ADD ICE CREAM,Extras and Sides,Extras and Sides,183.0,87246485.32
DELIVERY CHARGE,Delivery Service,Delivery,83.0,19785405.14
SEND CUTLERY,Delivery Service,Delivery,2.0,0.0
DONT SEND CUTLERY,Delivery Service,Delivery,3.0,0.0
TAKE AWAY,Delivery Service,Delivery,20.0,0.0
NUTELLA SPREAD CONUT.,Free Conut Spreads,Free Conut Spreads,1271.0,0.0
LOTUS SPREAD CONUT.,Free Conut Spreads,Free Conut Spreads,17.0,0.0
WHITE CHOCOLATE SPREAD CONUT.,Free Conut Spreads,Free Conut Spreads,399.0,0.0
[NO SPREAD],Free Conut Spreads,Free Conut Spreads,1.0,0.0
PISTACHIO SPREAD CONUT.,Free Conut Spreads,Free Conut Spreads,4.0,121837.83
NO SPREAD.,Free Conut Spreads,Free Conut Spreads,18.0,0.0
NUTELLA SPREAD CHIMNEY.,Free Chimney Cake Spreads,Free Chimney Cake Spreads,1080.0,0.0
LOTUS SPREAD CHIMNEY.,Free Chimney Cake Spreads,Free Chimney Cake Spreads,43.0,0.0
WHITE CHOCOLATE SPREAD CHIMNEY.,Free Chimney Cake Spreads,Free Chimney Cake Spreads,222.0,0.0
PISTACHIO SPREAD CHIMNEY.,Free Chimney Cake Spreads,Free Chimney Cake Spreads,11.0,655540.53
NO SPREAD,Free Chimney Cake Spreads,Free Chimney Cake Spreads,32.0,0.0
CLASSIC CHIMNEY,ITEMS,ITEMS,301.0,179379731.76
MINI THE ONE,ITEMS,ITEMS,254.0,128832920.78
MINI THE ORIGINAL,ITEMS,ITEMS,184.0,87723242.07
CONUT THE ORIGINAL,ITEMS,ITEMS,380.0,328617838.79
CHIMNEY THE ORIGINAL,ITEMS,ITEMS,140.0,166864864.7
CONUT THE ONE,ITEMS,ITEMS,680.0,607864866.76
CHIMNEY THE ONE,ITEMS,ITEMS,635.0,794693917.66
MINI PISTACHIO,ITEMS,ITEMS,134.0,83938325.09
CONUT PISTACHIO,ITEMS,ITEMS,326.0,330273243.63
CHIMNEY PISTACHIO,ITEMS,ITEMS,227.0,324671350.36
MINI BOSTON CHEESECAKE,ITEMS,ITEMS,61.0,32717432.0
CONUT BOSTON CHEESECAKE,ITEMS,ITEMS,121.0,111849783.99
CHIMNEY BOSTON CHEESECAKE,ITEMS,ITEMS,60.0,78664864.7
MINI BERRY MIX,ITEMS,ITEMS,102.0,51736054.8
CONUT BERRY MIX,ITEMS,ITEMS,228.0,203813514.15
CHIMNEY BERRY MIX,ITEMS,ITEMS,86.0,107627837.67
ICE CREAM BOWL,ITEMS,ITEMS,266.0,158521623.42
CONUT BITES,ITEMS,ITEMS,114.0,74731622.3
CINNAMON SUGAR RINGS,ITEMS,ITEMS,22.0,9177567.45
CHOCOLATE CHIPS RINGS,ITEMS,ITEMS,5.0,2383783.75
CONUT TRIPLE CHOCOLATE,ITEMS,ITEMS,422.0,390087676.4
MINI TRIPLE CHOCOLATE,ITEMS,ITEMS,169.0,90643377.17
CHIMNEY TRIPLE CHOCOLATE,ITEMS,ITEMS,225.0,294993242.62
CHIMNEY COMBO.,ITEMS,ITEMS,18.0,70798378.86
CONUT COMBO,ITEMS,ITEMS,33.0,90464594.36
THE SHARING BOX.,ITEMS,ITEMS,66.0,110130811.28
THE ONE CONUT,ITEMS,ITEMS,33.0,0.0
THE ONE MINI,ITEMS,ITEMS,66.0,0.0
THE ONE CHIMNEY,ITEMS,ITEMS,18.0,0.0
PISTACHIO CONUT,ITEMS,ITEMS,33.0,0.0
PISTACHIO MINI,ITEMS,ITEMS,66.0,0.0
PISTACHIO CHIMNEY,ITEMS,ITEMS,18.0,0.0
TRIPLE CHOCOLATE CONUT,ITEMS,ITEMS,33.0,0.0
TRIPLE CHOCOLATE MINI,ITEMS,ITEMS,66.0,0.0
TRIPLE CHOCOLATE CHIMNEY,ITEMS,ITEMS,18.0,0.0
BOSTON CHEESECAKE CONUT,ITEMS,ITEMS,33.0,0.0
BOSTON CHEESECAKE MINI,ITEMS,ITEMS,66.0,0.0
BOSTON CHEESECAKE CHIMNEY,ITEMS,ITEMS,18.0,0.0
TIRAMISU MINI CONUT,ITEMS,ITEMS,14.0,8343243.34
TIRAMISU CONUT,ITEMS,ITEMS,33.0,31465946.01
TIRAMISU CHIMNEY,ITEMS,ITEMS,43.0,56376486.37
NUTELLA SPREAD MINI,EXTRA MINI SPREAD,EXTRA MINI SPREAD,6.0,357567.56
"NO SPREAD,.",EXTRA MINI SPREAD,EXTRA MINI SPREAD,129.0,0.0
NUTELLA SPREAD CONUT,EXTRA CONUT SPREAD,EXTRA CONUT SPREAD,16.0,1440864.84
LOTUS SPREAD CONUT,EXTRA CONUT SPREAD,EXTRA CONUT SPREAD,3.0,270162.16
WHITE CHOCOLATE SPREAD CONUT,EXTRA CONUT SPREAD,EXTRA CONUT SPREAD,2.0,180108.1
PISTACHIO SPREAD CONUT,EXTRA CONUT SPREAD,EXTRA CONUT SPREAD,1.0,119189.19
NO SPREAD..,EXTRA CONUT SPREAD,EXTRA CONUT SPREAD,427.0,0.0
NUTELLA SPREAD CHIMNEY,EXTRA CHIMNEY SPREAD,EXTRA CHIMNEY SPREAD,16.0,2860540.5
LOTUS SPREAD CHIMNEY,EXTRA CHIMNEY SPREAD,EXTRA CHIMNEY SPREAD,11.0,1966621.6
WHITE CHOCOLATE SPREAD CHIMNEY,EXTRA CHIMNEY SPREAD,EXTRA CHIMNEY SPREAD,2.0,357567.56
PISTACHIO SPREAD CHIMNEY,EXTRA CHIMNEY SPREAD,EXTRA CHIMNEY SPREAD,2.0,476756.75
"NO SPREAD,,",EXTRA CHIMNEY SPREAD,EXTRA CHIMNEY SPREAD,271.0,0.0
CRUSHED OREO (R),MINI/CONUT/BOWL TOPPINGS,MINI/CONUT/BOWL TOPPINGS,1.0,90054.05
BROWNIES (R),MINI/CONUT/BOWL TOPPINGS,MINI/CONUT/BOWL TOPPINGS,8.0,720432.42
CRISPY CREPE (R),MINI/CONUT/BOWL TOPPINGS,MINI/CONUT/BOWL TOPPINGS,1.0,90054.05
STRAWBERRIES (R),MINI/CONUT/BOWL TOPPINGS,MINI/CONUT/BOWL TOPPINGS,17.0,1530918.89
BLUEBERRIES (P),MINI/CONUT/BOWL TOPPINGS,MINI/CONUT/BOWL TOPPINGS,2.0,238378.38
RASPBERRIES (P),MINI/CONUT/BOWL TOPPINGS,MINI/CONUT/BOWL TOPPINGS,3.0,357567.56
SPRINKLES (R),MINI/CONUT/BOWL TOPPINGS,MINI/CONUT/BOWL TOPPINGS,4.0,360216.21
DARK CHOCOLATE SAUCE (R),MINI/CONUT/BOWL TOPPINGS,MINI/CONUT/BOWL TOPPINGS,1.0,90054.05
CARAMEL SAUCE (R),MINI/CONUT/BOWL TOPPINGS,MINI/CONUT/BOWL TOPPINGS,1.0,90054.05
PASSION FRUIT SAUCE (P),MINI/CONUT/BOWL TOPPINGS,MINI/CONUT/BOWL TOPPINGS,2.0,238378.38
SALTED CARAMEL SAUCE (R),MINI/CONUT/BOWL TOPPINGS,MINI/CONUT/BOWL TOPPINGS,1.0,90054.05
NUTELLA SAUCE (R),MINI/CONUT/BOWL TOPPINGS,MINI/CONUT/BOWL TOPPINGS,3.0,270162.16
PISTACHIO SAUCE (P),MINI/CONUT/BOWL TOPPINGS,MINI/CONUT/BOWL TOPPINGS,1.0,119189.19
"WHITE CHOCOLATE SAUCE, (R)",MINI/CONUT/BOWL TOPPINGS,MINI/CONUT/BOWL TOPPINGS,1.0,90054.05
LOTUS SAUCE (R),MINI/CONUT/BOWL TOPPINGS,MINI/CONUT/BOWL TOPPINGS,1.0,90054.05
FRUIT LOOPS (R),MINI/CONUT/BOWL TOPPINGS,MINI/CONUT/BOWL TOPPINGS,1.0,90054.05
CHERRY JAM (P),MINI/CONUT/BOWL TOPPINGS,MINI/CONUT/BOWL TOPPINGS,2.0,238378.38
GUMMY BEARS (R),MINI/CONUT/BOWL TOPPINGS,MINI/CONUT/BOWL TOPPINGS,1.0,90054.05
MARSHMALLOWS (R),MINI/CONUT/BOWL TOPPINGS,MINI/CONUT/BOWL TOPPINGS,6.0,540324.31
CRUSHED OREO.,CHIMNEY TOPPINGS,CHIMNEY TOPPINGS,30.0,5363513.44
CRUSHED LOTUS.,CHIMNEY TOPPINGS,CHIMNEY TOPPINGS,14.0,2502972.94
CRISPY CREPE.,CHIMNEY TOPPINGS,CHIMNEY TOPPINGS,4.0,715135.13
BROWNIES.,CHIMNEY TOPPINGS,CHIMNEY TOPPINGS,36.0,6436216.13
STRAWBERRY.,CHIMNEY TOPPINGS,CHIMNEY TOPPINGS,168.0,30035675.28
SPRINKLES.,CHIMNEY TOPPINGS,CHIMNEY TOPPINGS,8.0,1430270.25
BLUEBERRIES.,CHIMNEY TOPPINGS,CHIMNEY TOPPINGS,43.0,10250270.13
RASPBERRIES.,CHIMNEY TOPPINGS,CHIMNEY TOPPINGS,15.0,3575675.63
PEANUT BUTTER CUPS.,CHIMNEY TOPPINGS,CHIMNEY TOPPINGS,2.0,476756.75
DARK CHOCOLATE SAUCE.,CHIMNEY TOPPINGS,CHIMNEY TOPPINGS,9.0,1609054.03
NUTELLA SAUCE.,CHIMNEY TOPPINGS,CHIMNEY TOPPINGS,65.0,11620945.79
LOTUS SAUCE.,CHIMNEY TOPPINGS,CHIMNEY TOPPINGS,19.0,3396891.85
WHIPPED  CREAM.,CHIMNEY TOPPINGS,CHIMNEY TOPPINGS,8.0,1907027.0
CARAMEL SAUCE.,CHIMNEY TOPPINGS,CHIMNEY TOPPINGS,4.0,715135.13
PISTACHIO SAUCE.,CHIMNEY TOPPINGS,CHIMNEY TOPPINGS,25.0,5959459.38
DARK CHOCOLATE CHIPS.,CHIMNEY TOPPINGS,CHIMNEY TOPPINGS,8.0,1907027.0
FRUIT LOOPS.,CHIMNEY TOPPINGS,CHIMNEY TOPPINGS,5.0,893918.91
GRANOLA BERRIES.,CHIMNEY TOPPINGS,CHIMNEY TOPPINGS,2.0,476756.75
RASPBERRY JAM.,CHIMNEY TOPPINGS,CHIMNEY TOPPINGS,1.0,238378.38
CHERRY JAM.,CHIMNEY TOPPINGS,CHIMNEY TOPPINGS,1.0,238378.38
GUMMY BEARS.,CHIMNEY TOPPINGS,CHIMNEY TOPPINGS,16.0,2860540.5
MARSHMALLOWS.,CHIMNEY TOPPINGS,CHIMNEY TOPPINGS,29.0,5184729.66
SALTED PRETZELS.,CHIMNEY TOPPINGS,CHIMNEY TOPPINGS,2.0,357567.56
NUTELLA DIP (R),EXTRA DIP,EXTRA DIP,6.0,715135.13
LOTUS DIP (R),EXTRA DIP,EXTRA DIP,1.0,119189.19
WHITE CHOCOLATE DIP (R),EXTRA DIP,EXTRA DIP,2.0,238378.38
CARAMEL DIP (R),EXTRA DIP,EXTRA DIP,2.0,238378.38
DARK CHOCOLATE DIP (R),EXTRA DIP,EXTRA DIP,3.0,357567.56
PISTACHIO DIP (P),EXTRA DIP,EXTRA DIP,5.0,1191891.88
RASPBERRY JAM DIP (P),EXTRA DIP,EXTRA DIP,1.0,238378.38
CHERRY JAM DIP (P),EXTRA DIP,EXTRA DIP,2.0,476756.75
NUTELLA SPREAD MINI.,free mini spread,FREE MINI SPREAD,526.0,0.0
LOTUS SPREAD MINI.,free mini spread,FREE MINI SPREAD,8.0,0.0
WHITE CHOCOLATE SPREAD MINI.,free mini spread,FREE MINI SPREAD,158.0,0.0
PISTACHIO SPREAD MINI.,free mini spread,FREE MINI SPREAD,4.0,121837.83
NO SPREAD .,free mini spread,FREE MINI SPREAD,85.0,0.0
"STRAWBERRY , (R)",FREE CONUT TOP,FREE CONUT TOP,1221.0,0.0
"BLUEBERRIES, (P)",FREE CONUT TOP,FREE CONUT TOP,58.0,1766648.59
"CRUSHED OREO, (R)",FREE CONUT TOP,FREE CONUT TOP,46.0,0.0
"CRUSHED LOTUS , (R)",FREE CONUT TOP,FREE CONUT TOP,167.0,0.0
"SPRINKLES , (R)",FREE CONUT TOP,FREE CONUT TOP,55.0,0.0
"BROWNIES , (R)",FREE CONUT TOP,FREE CONUT TOP,824.0,0.0
SALTED CARAMEL SAUCE . (R),FREE CONUT TOP,FREE CONUT TOP,1.0,0.0
WHIPPED CREAM . (P),FREE CONUT TOP,FREE CONUT TOP,8.0,243675.67
"LOTUS SAUCE , (R)",FREE CONUT TOP,FREE CONUT TOP,47.0,0.0
"WHITE CHOCOLATE SAUCE , (R)",FREE CONUT TOP,FREE CONUT TOP,6.0,0.0
"CARAMEL SAUCE , (R)",FREE CONUT TOP,FREE CONUT TOP,586.0,0.0
NO TOPPINGS.,FREE CONUT TOP,FREE CONUT TOP,75.0,0.0
"RASPBERRIES, (P)",FREE CONUT TOP,FREE CONUT TOP,15.0,456891.88
"DARK CHOCOLATE CHIPS, (P)",FREE CONUT TOP,FREE CONUT TOP,25.0,761486.46
"GRANOLA BERRIES, (P)",FREE CONUT TOP,FREE CONUT TOP,22.0,670108.08
"PEANUT BUTTER CUP , (P)",FREE CONUT TOP,FREE CONUT TOP,4.0,121837.83
PISTACHIO SAUCE . (P),FREE CONUT TOP,FREE CONUT TOP,95.0,2893648.55
"PASSION FRUITS SAUCE ,(P)",FREE CONUT TOP,FREE CONUT TOP,9.0,274135.13
"RASPBERRY JAM , (P)",FREE CONUT TOP,FREE CONUT TOP,13.0,395972.96
"CHERRY JAM, (P)",FREE CONUT TOP,FREE CONUT TOP,6.0,182756.75
GUMMY BEARS . (R),FREE CONUT TOP,FREE CONUT TOP,46.0,0.0
"MARSHMALLOWS , (R)",FREE CONUT TOP,FREE CONUT TOP,68.0,0.0
CRISPY CREPE . (R),FREE CONUT TOP,FREE CONUT TOP,16.0,0.0
"SALTED PRETZELS , (R)",FREE CONUT TOP,FREE CONUT TOP,1.0,0.0
NUTELLA SAUCE . (R),FREE CONUT TOP,FREE CONUT TOP,1216.0,0.0
"DARK CHOCOLATE SAUCE , (R)",FREE CONUT TOP,FREE CONUT TOP,4.0,0.0
FRUIT LOOPS . (R),FREE CONUT TOP,FREE CONUT TOP,15.0,0.0
"WHIPPED CREAM  ,",FREE CONUT TOP,FREE CONUT TOP,175.0,0.0
SWITCH TO ICE CREAM,FREE CONUT TOP,FREE CONUT TOP,20.0,7151351.26
PISTACHIO TOPPING,FREE CONUT TOP,FREE CONUT TOP,266.0,0.0
"STRAWBERRY,(R)",FREE CHIMNEY TOP,FREE CHIMNEY TOP,869.0,0.0
BROWNIES . (R),FREE CHIMNEY TOP,FREE CHIMNEY TOP,370.0,0.0
CRUSHED OREO .(R),FREE CHIMNEY TOP,FREE CHIMNEY TOP,16.0,0.0
CRUSHED LOTUS .(R),FREE CHIMNEY TOP,FREE CHIMNEY TOP,54.0,0.0
SPRINKLES .(R),FREE CHIMNEY TOP,FREE CHIMNEY TOP,6.0,0.0
"NUTELLA SAUCE,(R)",FREE CHIMNEY TOP,FREE CHIMNEY TOP,577.0,0.0
"LOTUS SAUCE,(R)",FREE CHIMNEY TOP,FREE CHIMNEY TOP,16.0,0.0
WHITE CHOCOLATE SAUCE .(R),FREE CHIMNEY TOP,FREE CHIMNEY TOP,11.0,0.0
"CARAMEL SAUCE, (R)",FREE CHIMNEY TOP,FREE CHIMNEY TOP,432.0,0.0
NO TOPPINGS,FREE CHIMNEY TOP,FREE CHIMNEY TOP,30.0,0.0
"BLUEBERRIES , (P)",FREE CHIMNEY TOP,FREE CHIMNEY TOP,27.0,1609054.03
"RASPBERRIES ,(P)",FREE CHIMNEY TOP,FREE CHIMNEY TOP,4.0,238378.38
"DARK CHOCOLATE CHIPS ,(P)",FREE CHIMNEY TOP,FREE CHIMNEY TOP,7.0,417162.16
"GRANOLA BERRIES ,(P)",FREE CHIMNEY TOP,FREE CHIMNEY TOP,1.0,59594.59
"WHIPPED CREAM,",FREE CHIMNEY TOP,FREE CHIMNEY TOP,3.0,178783.78
"PISTACHIO SAUCE ,(P)",FREE CHIMNEY TOP,FREE CHIMNEY TOP,63.0,3754459.41
"PASSION FRUIT SAUCE,(P)",FREE CHIMNEY TOP,FREE CHIMNEY TOP,1.0,59594.59
"RASPBERRY JAM,(P)",FREE CHIMNEY TOP,FREE CHIMNEY TOP,4.0,238378.38
"CHERRY JAM ,(P)",FREE CHIMNEY TOP,FREE CHIMNEY TOP,2.0,119189.19
"GUMMY BEARS ,(R)",FREE CHIMNEY TOP,FREE CHIMNEY TOP,3.0,0.0
"MARSHMALLOWS,(R)",FREE CHIMNEY TOP,FREE CHIMNEY TOP,10.0,0.0
"CRISPY CREPE,(R)",FREE CHIMNEY TOP,FREE CHIMNEY TOP,2.0,0.0
"DARK CHOCOLATE SAUCE,(R)",FREE CHIMNEY TOP,FREE CHIMNEY TOP,7.0,0.0
"FRUIT LOOPS,(R)",FREE CHIMNEY TOP,FREE CHIMNEY TOP,1.0,0.0
"WHIPPED CREAM   ,",FREE CHIMNEY TOP,FREE CHIMNEY TOP,70.0,0.0
"SWITCH TO ICE CREAM,",FREE CHIMNEY TOP,FREE CHIMNEY TOP,7.0,1668648.63
"PISTACHIO TOPPING,",FREE CHIMNEY TOP,FREE CHIMNEY TOP,155.0,0.0
"NUTELLA SAUCE ,(R)",FREE MINI TOP,FREE MINI TOP,444.0,0.0
BLUEBERRIES .(P),FREE MINI TOP,FREE MINI TOP,9.0,243675.67
RASPBERRIES .(P),FREE MINI TOP,FREE MINI TOP,2.0,60918.92
DARK CHOCOLATE CHIPS .(P),FREE MINI TOP,FREE MINI TOP,7.0,213216.21
GRANOLA BERRIES .(P),FREE MINI TOP,FREE MINI TOP,0.0,0.0
"WHIPPED CREAM ,(P)",FREE MINI TOP,FREE MINI TOP,1.0,30459.46
"PISTACHIO SAUCE,(P)",FREE MINI TOP,FREE MINI TOP,27.0,791945.92
CHERRY JAM .(P),FREE MINI TOP,FREE MINI TOP,2.0,30459.46
"GUMMY BEARS,(R)",FREE MINI TOP,FREE MINI TOP,8.0,0.0
MARSHMALLOWS .(R),FREE MINI TOP,FREE MINI TOP,15.0,0.0
"CRISPY CREPE ,(R)",FREE MINI TOP,FREE MINI TOP,2.0,0.0
"SALTED PRETZELS,(R)",FREE MINI TOP,FREE MINI TOP,1.0,0.0
STRAWBERRY .(R),FREE MINI TOP,FREE MINI TOP,465.0,0.0
"BROWNIES,(R)",FREE MINI TOP,FREE MINI TOP,310.0,0.0
"CRUSHED OREO ,(R)",FREE MINI TOP,FREE MINI TOP,13.0,0.0
"CRUSHED LOTUS,(R)",FREE MINI TOP,FREE MINI TOP,72.0,0.0
"SPRINKLES,(R)",FREE MINI TOP,FREE MINI TOP,11.0,0.0
LOTUS SAUCE .(R),FREE MINI TOP,FREE MINI TOP,12.0,0.0
"CARAMEL SAUCE  ,(R)",FREE MINI TOP,FREE MINI TOP,200.0,0.0
DARK CHOCOLATE SAUCE .(R),FREE MINI TOP,FREE MINI TOP,1.0,0.0
"FRUIT LOOPS ,(R)",FREE MINI TOP,FREE MINI TOP,2.0,0.0
"NO TOPPINGS ,",FREE MINI TOP,FREE MINI TOP,29.0,0.0
WHIPPED CREAM  .,FREE MINI TOP,FREE MINI TOP,85.0,0.0
switch to ice cream.,FREE MINI TOP,FREE MINI TOP,4.0,1430270.25
PISTACHIO TOPPING.,FREE MINI TOP,FREE MINI TOP,109.0,0.0
NUTELLA DIP.(R),free dip,free dip,100.0,0.0
LOTUS DIP.(R),free dip,free dip,7.0,0.0
WHITE CHOCOLATE DIP.(R),free dip,free dip,6.0,0.0
CARAMEL DIP.(R),free dip,free dip,6.0,0.0
SALTED CARAMEL DIP.(R),free dip,free dip,6.0,0.0
DARK CHOCOLATE DIP.(R),free dip,free dip,7.0,0.0
NO DIP,free dip,free dip,1.0,0.0
CHERRY JAM DIP.(P),free dip,free dip,3.0,357567.56
PISTACHIO DIP.(P),free dip,free dip,3.0,357567.56
PASSION FRUITS DIP.(P),free dip,free dip,2.0,238378.38
DECAF,coffee type,coffee type,19.0,0.0
REGULAR.,coffee type,coffee type,240.0,0.0
HOT,DRINK TYPE,DRINK TYPE,142.0,0.0
ICED,DRINK TYPE,DRINK TYPE,19.0,0.0
MILK OPTIONS,MILK OPTIONS,MILK OPTIONS,21.0,0.0
FULL FAT MILK,MILK OPTIONS,MILK OPTIONS,204.0,0.0
SKIMMED MILK.,MILK OPTIONS,MILK OPTIONS,11.0,0.0
LACTOSE FREE MILK.,MILK OPTIONS,MILK OPTIONS,19.0,0.0
TOASTED MARSHMALLOWS,MARSHMALLOW OPTIONS,MARSHMALLOW OPTIONS,2.0,238378.38
NO MARSHMALLLOWS,MARSHMALLOW OPTIONS,MARSHMALLOW OPTIONS,2.0,0.0
HOT CHOCOLATE,CONUT''S FAVORITE,CONUT''S FAVORITE,4.0,1907027.0
MATCHA LATTE,CONUT''S FAVORITE,CONUT''S FAVORITE,3.0,1787837.86
AFFOGATO,CONUT''S FAVORITE,CONUT''S FAVORITE,1.0,536351.34
AMERICAN COFFEE,Hot-Coffee Based,Hot-Coffee Based,3.0,1072702.69
CAPPUCCINO,Hot-Coffee Based,Hot-Coffee Based,3.0,1251486.47
CAFFE LATTE,Hot-Coffee Based,Hot-Coffee Based,19.0,7926080.98
CAFE MOCHA,Hot-Coffee Based,Hot-Coffee Based,9.0,4564946.01
CARAMEL MACHIATO,Hot-Coffee Based,Hot-Coffee Based,5.0,2681756.72
CAFFE AMERICANO,Hot-Coffee Based,Hot-Coffee Based,16.0,4264324.26
SINGLE ESPRESSO,Hot-Coffee Based,Hot-Coffee Based,7.0,1668648.63
DOUBLE ESPRESSO,Hot-Coffee Based,Hot-Coffee Based,31.0,10181405.25
WHITE MOCHA,Hot-Coffee Based,Hot-Coffee Based,4.0,2028864.89
FLAT WHITE,Hot-Coffee Based,Hot-Coffee Based,3.0,1164081.06
[CARAMEL DRESSING],Hot-Coffee Based,Free Dressing,26.0,0.0
[CHOCOLATE DRESSING],Hot-Coffee Based,Free Dressing,29.0,0.0
[NO DRESSING],Hot-Coffee Based,Free Dressing,24.0,0.0
[STRAWBERRY DRESSING],Hot-Coffee Based,Free Dressing,10.0,0.0
[SALTED CARAMEL DRESSING],Hot-Coffee Based,Free Dressing,10.0,0.0
WHIPPED CREAM...,Hot-Coffee Based,Free Whipped Cream,42.0,0.0
NO WHIPPED CREAM,Hot-Coffee Based,Free Whipped Cream,61.0,0.0
PRESSED,Hot-Coffee Based,CHIMNEY CAKE OPTIONS,215.0,0.0
REGULAR,Hot-Coffee Based,CHIMNEY CAKE OPTIONS,45.0,0.0
ICE CREAM ON TOP,Hot-Coffee Based,OPTIONS ICE CREAM,257.0,0.0
ICE CREAM ON THE SIDE,Hot-Coffee Based,OPTIONS ICE CREAM,249.0,0.0
WHIPPED CREAM,Bev Add-ons,Bev Add-ons,4.0,476756.75
"CARAMEL  SAUCE,",Bev Add-ons,Bev Add-ons,4.0,360216.21
VANILLA SYRUP,Bev Add-ons,Bev Add-ons,3.0,270162.16
EXTRA ESPRESSO SHOT,Bev Add-ons,Bev Add-ons,1.0,90054.05
MOCHA FRAPPE,Frappes,Frappes,14.0,7508918.82
CARAMEL MOCHA FRAPPE,Frappes,Frappes,3.0,1609054.03
HAZELNUT MOCHA FRAPPE,Frappes,Frappes,2.0,1072702.69
CARAMEL FRAPPE,Frappes,Frappes,8.0,4290810.75
VANILLA FRAPPE,Frappes,Frappes,2.0,1072702.69
WHITE MOCHA FRAPPE,Frappes,Frappes,4.0,2145405.38
SALTED CARAMEL FRAPPE,Frappes,Frappes,2.0,1072702.69
ESPRESSO FRAPPE,Frappes,Frappes,2.0,895243.23
TOFFEE NUT FRAPPE,Frappes,Frappes,1.0,536351.34
VANILLA MILKSHAKE,Shakes,Shakes,14.0,7508918.82
OREO MILKSHAKE,Shakes,Shakes,19.0,13587567.67
STRAWBERRY MILKSHAKE,Shakes,Shakes,12.0,8581621.68
SALTED CARAMEL MILKSHAKE,Shakes,Shakes,8.0,6197837.87
PISTACHIO MILKSHAKE,Shakes,Shakes,4.0,3575675.69
GRANOLA BERRIES MILKSHAKE,Shakes,Shakes,2.0,1549459.47
DOUBLE CHOCOLATE MILKSHAKE,Shakes,Shakes,4.0,3098918.94
FRUIT LOOPS MILKSHAKE,Shakes,Shakes,1.0,774729.73
TOFFEE NUT MILKSHAKE,Shakes,Shakes,3.0,2324189.2
ICED CHOCOLATE,Hot and Cold Drinks,Hot and Cold Drinks,3.0,1342864.84
WATER,Hot and Cold Drinks,Hot and Cold Drinks,907.0,72069724.84
VIA SPARKLING WATER,Hot and Cold Drinks,Hot and Cold Drinks,24.0,4290810.75
MANGO PASSION,Hot and Cold Drinks,Hot and Cold Drinks,22.0,9177567.45
MELON PASSION,Hot and Cold Drinks,Hot and Cold Drinks,7.0,2920135.1
WILD BERRIES,Hot and Cold Drinks,Hot and Cold Drinks,13.0,5423108.04
WILD BERRIES PASSION,Hot and Cold Drinks,Hot and Cold Drinks,2.0,834324.31
EARL GREY,Hot and Cold Drinks,TEA FLAVORS,1.0,297972.97
GREEN TEA,Hot and Cold Drinks,TEA FLAVORS,2.0,595945.94
PEPPERMINT TEA,Hot and Cold Drinks,TEA FLAVORS,1.0,297972.97
PEACH ICED TEA,Hot and Cold Drinks,TEA FLAVORS,7.0,2920135.1
RASPBERRY ICED TEA,Hot and Cold Drinks,TEA FLAVORS,3.0,1251486.47
NO CINNAMON,Conuts,Conuts,11.0,0.0
ADD ICE CREAM,Extras and Sides,Extras and Sides,324.0,154469187.13
DELIVERY CHARGE,Delivery Service,Delivery,216.0,51489729.04
SEND CUTLERY,Delivery Service,Delivery,3.0,0.0
TAKE AWAY,Delivery Service,Delivery,216.0,0.0
NUTELLA SPREAD CONUT.,Free Conut Spreads,Free Conut Spreads,972.0,0.0
LOTUS SPREAD CONUT.,Free Conut Spreads,Free Conut Spreads,50.0,0.0
WHITE CHOCOLATE SPREAD CONUT.,Free Conut Spreads,Free Conut Spreads,184.0,0.0
PISTACHIO SPREAD CONUT.,Free Conut Spreads,Free Conut Spreads,7.0,213216.21
NO SPREAD.,Free Conut Spreads,Free Conut Spreads,31.0,0.0
NUTELLA SPREAD CHIMNEY.,Free Chimney Cake Spreads,Free Chimney Cake Spreads,1205.0,0.0
LOTUS SPREAD CHIMNEY.,Free Chimney Cake Spreads,Free Chimney Cake Spreads,70.0,0.0
WHITE CHOCOLATE SPREAD CHIMNEY.,Free Chimney Cake Spreads,Free Chimney Cake Spreads,184.0,0.0
PISTACHIO SPREAD CHIMNEY.,Free Chimney Cake Spreads,Free Chimney Cake Spreads,19.0,1132297.28
NO SPREAD,Free Chimney Cake Spreads,Free Chimney Cake Spreads,68.0,0.0
ARGENTINA,Holder,Holders,1.0,0.0
ENGLAND HOLDER,Holder,Holders,1.0,0.0
CLASSIC CHIMNEY,ITEMS,ITEMS,260.0,154945947.7
MINI THE ONE,ITEMS,ITEMS,153.0,77604082.2
MINI THE ORIGINAL,ITEMS,ITEMS,100.0,47675675.04
CONUT THE ORIGINAL,ITEMS,ITEMS,374.0,323429136.08
CHIMNEY THE ORIGINAL,ITEMS,ITEMS,182.0,216924324.11
CONUT THE ONE,ITEMS,ITEMS,554.0,495231082.62
CHIMNEY THE ONE,ITEMS,ITEMS,870.0,1088793241.51
MINI PISTACHIO,ITEMS,ITEMS,36.0,22550594.8
CONUT PISTACHIO,ITEMS,ITEMS,104.0,105363243.37
CHIMNEY PISTACHIO,ITEMS,ITEMS,116.0,165911350.84
MINI BOSTON CHEESECAKE,ITEMS,ITEMS,40.0,21454053.77
CONUT BOSTON CHEESECAKE,ITEMS,ITEMS,82.0,75799027.17
CHIMNEY BOSTON CHEESECAKE,ITEMS,ITEMS,75.0,98331080.87
MINI BERRY MIX,ITEMS,ITEMS,49.0,24853594.95
CONUT BERRY MIX,ITEMS,ITEMS,134.0,119785135.51
CHIMNEY BERRY MIX,ITEMS,ITEMS,67.0,83849594.46
ICE CREAM BOWL,ITEMS,ITEMS,142.0,84624325.28
CONUT BITES,ITEMS,ITEMS,61.0,39987973.34
CINNAMON SUGAR RINGS,ITEMS,ITEMS,5.0,2085810.78
CHOCOLATE CHIPS RINGS,ITEMS,ITEMS,2.0,953513.5
CONUT TRIPLE CHOCOLATE,ITEMS,ITEMS,184.0,170085621.94
MINI TRIPLE CHOCOLATE,ITEMS,ITEMS,48.0,25744864.52
CHIMNEY TRIPLE CHOCOLATE,ITEMS,ITEMS,167.0,218950540.08
CHIMNEY COMBO.,ITEMS,ITEMS,14.0,55065405.49
CONUT COMBO,ITEMS,ITEMS,18.0,49344324.2
THE SHARING BOX.,ITEMS,ITEMS,41.0,68414594.87
THE ONE CONUT,ITEMS,ITEMS,18.0,0.0
THE ONE MINI,ITEMS,ITEMS,40.0,0.0
THE ONE CHIMNEY,ITEMS,ITEMS,14.0,0.0
PISTACHIO CONUT,ITEMS,ITEMS,18.0,0.0
PISTACHIO MINI,ITEMS,ITEMS,40.0,0.0
PISTACHIO CHIMNEY,ITEMS,ITEMS,14.0,0.0
TRIPLE CHOCOLATE CONUT,ITEMS,ITEMS,18.0,0.0
TRIPLE CHOCOLATE MINI,ITEMS,ITEMS,40.0,0.0
TRIPLE CHOCOLATE CHIMNEY,ITEMS,ITEMS,14.0,0.0
BOSTON CHEESECAKE CONUT,ITEMS,ITEMS,18.0,0.0
BOSTON CHEESECAKE MINI,ITEMS,ITEMS,40.0,0.0
BOSTON CHEESECAKE CHIMNEY,ITEMS,ITEMS,14.0,0.0
NUTELLA SPREAD MINI,EXTRA MINI SPREAD,EXTRA MINI SPREAD,1.0,59594.59
"NO SPREAD,.",EXTRA MINI SPREAD,EXTRA MINI SPREAD,35.0,0.0
NUTELLA SPREAD CONUT,EXTRA CONUT SPREAD,EXTRA CONUT SPREAD,22.0,1981189.15
LOTUS SPREAD CONUT,EXTRA CONUT SPREAD,EXTRA CONUT SPREAD,7.0,630378.37
WHITE CHOCOLATE SPREAD CONUT,EXTRA CONUT SPREAD,EXTRA CONUT SPREAD,4.0,360216.21
PISTACHIO SPREAD CONUT,EXTRA CONUT SPREAD,EXTRA CONUT SPREAD,1.0,119189.19
NO SPREAD..,EXTRA CONUT SPREAD,EXTRA CONUT SPREAD,170.0,0.0
NUTELLA SPREAD CHIMNEY,EXTRA CHIMNEY SPREAD,EXTRA CHIMNEY SPREAD,23.0,4112026.97
LOTUS SPREAD CHIMNEY,EXTRA CHIMNEY SPREAD,EXTRA CHIMNEY SPREAD,32.0,5721081.0
WHITE CHOCOLATE SPREAD CHIMNEY,EXTRA CHIMNEY SPREAD,EXTRA CHIMNEY SPREAD,13.0,2324189.16
PISTACHIO SPREAD CHIMNEY,EXTRA CHIMNEY SPREAD,EXTRA CHIMNEY SPREAD,3.0,715135.13
"NO SPREAD,,",EXTRA CHIMNEY SPREAD,EXTRA CHIMNEY SPREAD,164.0,0.0
CRUSHED OREO (R),MINI/CONUT/BOWL TOPPINGS,MINI/CONUT/BOWL TOPPINGS,6.0,540324.31
CRUSHED LOTUS (R),MINI/CONUT/BOWL TOPPINGS,MINI/CONUT/BOWL TOPPINGS,2.0,180108.1
BROWNIES (R),MINI/CONUT/BOWL TOPPINGS,MINI/CONUT/BOWL TOPPINGS,10.0,900540.52
CRISPY CREPE (R),MINI/CONUT/BOWL TOPPINGS,MINI/CONUT/BOWL TOPPINGS,3.0,270162.16
STRAWBERRIES (R),MINI/CONUT/BOWL TOPPINGS,MINI/CONUT/BOWL TOPPINGS,33.0,2971783.72
BLUEBERRIES (P),MINI/CONUT/BOWL TOPPINGS,MINI/CONUT/BOWL TOPPINGS,15.0,1787837.81
RASPBERRIES (P),MINI/CONUT/BOWL TOPPINGS,MINI/CONUT/BOWL TOPPINGS,13.0,1549459.44
SPRINKLES (R),MINI/CONUT/BOWL TOPPINGS,MINI/CONUT/BOWL TOPPINGS,6.0,540324.31
WHIPPED  CREAM (P),MINI/CONUT/BOWL TOPPINGS,MINI/CONUT/BOWL TOPPINGS,3.0,357567.56
SALTED CARAMEL SAUCE (R),MINI/CONUT/BOWL TOPPINGS,MINI/CONUT/BOWL TOPPINGS,0.0,0.0
NUTELLA SAUCE (R),MINI/CONUT/BOWL TOPPINGS,MINI/CONUT/BOWL TOPPINGS,12.0,1080648.63
PISTACHIO SAUCE (P),MINI/CONUT/BOWL TOPPINGS,MINI/CONUT/BOWL TOPPINGS,1.0,119189.19
"WHITE CHOCOLATE SAUCE, (R)",MINI/CONUT/BOWL TOPPINGS,MINI/CONUT/BOWL TOPPINGS,5.0,450270.26
LOTUS SAUCE (R),MINI/CONUT/BOWL TOPPINGS,MINI/CONUT/BOWL TOPPINGS,3.0,270162.16
DARK CHOCOLATE CHIPS (P),MINI/CONUT/BOWL TOPPINGS,MINI/CONUT/BOWL TOPPINGS,2.0,238378.38
FRUIT LOOPS (R),MINI/CONUT/BOWL TOPPINGS,MINI/CONUT/BOWL TOPPINGS,4.0,360216.21
GRANOLA BERRIES (P),MINI/CONUT/BOWL TOPPINGS,MINI/CONUT/BOWL TOPPINGS,1.0,119189.19
RASPBERRY JAM (P),MINI/CONUT/BOWL TOPPINGS,MINI/CONUT/BOWL TOPPINGS,3.0,357567.56
CHERRY JAM (P),MINI/CONUT/BOWL TOPPINGS,MINI/CONUT/BOWL TOPPINGS,1.0,119189.19
GUMMY BEARS (R),MINI/CONUT/BOWL TOPPINGS,MINI/CONUT/BOWL TOPPINGS,7.0,630378.37
MARSHMALLOWS (R),MINI/CONUT/BOWL TOPPINGS,MINI/CONUT/BOWL TOPPINGS,6.0,540324.31
CRUSHED OREO.,CHIMNEY TOPPINGS,CHIMNEY TOPPINGS,38.0,6793783.69
CRUSHED LOTUS.,CHIMNEY TOPPINGS,CHIMNEY TOPPINGS,23.0,4112026.97
CRISPY CREPE.,CHIMNEY TOPPINGS,CHIMNEY TOPPINGS,2.0,357567.56
BROWNIES.,CHIMNEY TOPPINGS,CHIMNEY TOPPINGS,28.0,5005945.88
STRAWBERRY.,CHIMNEY TOPPINGS,CHIMNEY TOPPINGS,128.0,22884324.02
SPRINKLES.,CHIMNEY TOPPINGS,CHIMNEY TOPPINGS,6.0,1072702.69
BLUEBERRIES.,CHIMNEY TOPPINGS,CHIMNEY TOPPINGS,25.0,5959459.38
RASPBERRIES.,CHIMNEY TOPPINGS,CHIMNEY TOPPINGS,21.0,5005945.88
PEANUT BUTTER CUPS.,CHIMNEY TOPPINGS,CHIMNEY TOPPINGS,1.0,238378.38
SALTED CARAMEL SAUCE.,CHIMNEY TOPPINGS,CHIMNEY TOPPINGS,2.0,357567.56
DARK CHOCOLATE SAUCE.,CHIMNEY TOPPINGS,CHIMNEY TOPPINGS,3.0,536351.34
NUTELLA SAUCE.,CHIMNEY TOPPINGS,CHIMNEY TOPPINGS,67.0,11978513.35
LOTUS SAUCE.,CHIMNEY TOPPINGS,CHIMNEY TOPPINGS,16.0,2860540.5
WHIPPED  CREAM.,CHIMNEY TOPPINGS,CHIMNEY TOPPINGS,9.0,2145405.38
CARAMEL SAUCE.,CHIMNEY TOPPINGS,CHIMNEY TOPPINGS,6.0,1072702.69
PISTACHIO SAUCE.,CHIMNEY TOPPINGS,CHIMNEY TOPPINGS,6.0,1430270.25
DARK CHOCOLATE CHIPS.,CHIMNEY TOPPINGS,CHIMNEY TOPPINGS,3.0,715135.13
FRUIT LOOPS.,CHIMNEY TOPPINGS,CHIMNEY TOPPINGS,1.0,178783.78
GRANOLA BERRIES.,CHIMNEY TOPPINGS,CHIMNEY TOPPINGS,4.0,953513.5
RASPBERRY JAM.,CHIMNEY TOPPINGS,CHIMNEY TOPPINGS,2.0,476756.75
GUMMY BEARS.,CHIMNEY TOPPINGS,CHIMNEY TOPPINGS,7.0,1251486.47
MARSHMALLOWS.,CHIMNEY TOPPINGS,CHIMNEY TOPPINGS,8.0,1430270.25
SALTED PRETZELS.,CHIMNEY TOPPINGS,CHIMNEY TOPPINGS,2.0,357567.56
NUTELLA DIP (R),EXTRA DIP,EXTRA DIP,3.0,357567.56
LOTUS DIP (R),EXTRA DIP,EXTRA DIP,1.0,119189.19
CARAMEL DIP (R),EXTRA DIP,EXTRA DIP,2.0,238378.38
PASSION FRUIT DIP (P),EXTRA DIP,EXTRA DIP,1.0,238378.38
PISTACHIO DIP (P),EXTRA DIP,EXTRA DIP,3.0,715135.13
CHERRY JAM DIP (P),EXTRA DIP,EXTRA DIP,1.0,238378.38
NUTELLA SPREAD MINI.,free mini spread,FREE MINI SPREAD,284.0,0.0
LOTUS SPREAD MINI.,free mini spread,FREE MINI SPREAD,12.0,0.0
WHITE CHOCOLATE SPREAD MINI.,free mini spread,FREE MINI SPREAD,53.0,0.0
PISTACHIO SPREAD MINI.,free mini spread,FREE MINI SPREAD,1.0,30459.46
NO SPREAD .,free mini spread,FREE MINI SPREAD,40.0,0.0
"STRAWBERRY , (R)",FREE CONUT TOP,FREE CONUT TOP,828.0,0.0
"BLUEBERRIES, (P)",FREE CONUT TOP,FREE CONUT TOP,72.0,2193081.0
"CRUSHED OREO, (R)",FREE CONUT TOP,FREE CONUT TOP,64.0,0.0
"CRUSHED LOTUS , (R)",FREE CONUT TOP,FREE CONUT TOP,124.0,0.0
"SPRINKLES , (R)",FREE CONUT TOP,FREE CONUT TOP,20.0,0.0
"BROWNIES , (R)",FREE CONUT TOP,FREE CONUT TOP,532.0,0.0
SALTED CARAMEL SAUCE . (R),FREE CONUT TOP,FREE CONUT TOP,8.0,0.0
WHIPPED CREAM . (P),FREE CONUT TOP,FREE CONUT TOP,15.0,456891.88
"LOTUS SAUCE , (R)",FREE CONUT TOP,FREE CONUT TOP,27.0,0.0
"WHITE CHOCOLATE SAUCE , (R)",FREE CONUT TOP,FREE CONUT TOP,21.0,0.0
"CARAMEL SAUCE , (R)",FREE CONUT TOP,FREE CONUT TOP,367.0,0.0
NO TOPPINGS.,FREE CONUT TOP,FREE CONUT TOP,98.0,0.0
"RASPBERRIES, (P)",FREE CONUT TOP,FREE CONUT TOP,41.0,1248837.79
"DARK CHOCOLATE CHIPS, (P)",FREE CONUT TOP,FREE CONUT TOP,17.0,517810.79
"GRANOLA BERRIES, (P)",FREE CONUT TOP,FREE CONUT TOP,14.0,426432.42
"PEANUT BUTTER CUP , (P)",FREE CONUT TOP,FREE CONUT TOP,7.0,213216.21
PISTACHIO SAUCE . (P),FREE CONUT TOP,FREE CONUT TOP,42.0,1279297.25
"RASPBERRY JAM , (P)",FREE CONUT TOP,FREE CONUT TOP,3.0,91378.38
"CHERRY JAM, (P)",FREE CONUT TOP,FREE CONUT TOP,5.0,152297.29
GUMMY BEARS . (R),FREE CONUT TOP,FREE CONUT TOP,31.0,0.0
"MARSHMALLOWS , (R)",FREE CONUT TOP,FREE CONUT TOP,26.0,0.0
CRISPY CREPE . (R),FREE CONUT TOP,FREE CONUT TOP,11.0,0.0
"SALTED PRETZELS , (R)",FREE CONUT TOP,FREE CONUT TOP,2.0,0.0
NUTELLA SAUCE . (R),FREE CONUT TOP,FREE CONUT TOP,693.0,0.0
"DARK CHOCOLATE SAUCE , (R)",FREE CONUT TOP,FREE CONUT TOP,11.0,0.0
FRUIT LOOPS . (R),FREE CONUT TOP,FREE CONUT TOP,6.0,0.0
"WHIPPED CREAM  ,",FREE CONUT TOP,FREE CONUT TOP,95.0,0.0
SWITCH TO ICE CREAM,FREE CONUT TOP,FREE CONUT TOP,18.0,6436216.13
PISTACHIO TOPPING,FREE CONUT TOP,FREE CONUT TOP,88.0,0.0
"SALTED CARAMEL SAUCE,(R)",FREE CHIMNEY TOP,FREE CHIMNEY TOP,2.0,0.0
"STRAWBERRY,(R)",FREE CHIMNEY TOP,FREE CHIMNEY TOP,969.0,0.0
BROWNIES . (R),FREE CHIMNEY TOP,FREE CHIMNEY TOP,360.0,0.0
CRUSHED OREO .(R),FREE CHIMNEY TOP,FREE CHIMNEY TOP,43.0,0.0
CRUSHED LOTUS .(R),FREE CHIMNEY TOP,FREE CHIMNEY TOP,113.0,0.0
SPRINKLES .(R),FREE CHIMNEY TOP,FREE CHIMNEY TOP,1.0,0.0
"NUTELLA SAUCE,(R)",FREE CHIMNEY TOP,FREE CHIMNEY TOP,505.0,0.0
"LOTUS SAUCE,(R)",FREE CHIMNEY TOP,FREE CHIMNEY TOP,28.0,0.0
WHITE CHOCOLATE SAUCE .(R),FREE CHIMNEY TOP,FREE CHIMNEY TOP,73.0,0.0
"CARAMEL SAUCE, (R)",FREE CHIMNEY TOP,FREE CHIMNEY TOP,463.0,0.0
NO TOPPINGS,FREE CHIMNEY TOP,FREE CHIMNEY TOP,100.0,0.0
"BLUEBERRIES , (P)",FREE CHIMNEY TOP,FREE CHIMNEY TOP,34.0,2026216.19
"RASPBERRIES ,(P)",FREE CHIMNEY TOP,FREE CHIMNEY TOP,23.0,1370675.66
"DARK CHOCOLATE CHIPS ,(P)",FREE CHIMNEY TOP,FREE CHIMNEY TOP,4.0,238378.38
"PEANUT BUTTER CUPS,(P)",FREE CHIMNEY TOP,FREE CHIMNEY TOP,6.0,357567.56
"WHIPPED CREAM,",FREE CHIMNEY TOP,FREE CHIMNEY TOP,5.0,297972.97
"PISTACHIO SAUCE ,(P)",FREE CHIMNEY TOP,FREE CHIMNEY TOP,35.0,2085810.78
"RASPBERRY JAM,(P)",FREE CHIMNEY TOP,FREE CHIMNEY TOP,1.0,59594.59
"CHERRY JAM ,(P)",FREE CHIMNEY TOP,FREE CHIMNEY TOP,0.0,0.0
"GUMMY BEARS ,(R)",FREE CHIMNEY TOP,FREE CHIMNEY TOP,6.0,0.0
"MARSHMALLOWS,(R)",FREE CHIMNEY TOP,FREE CHIMNEY TOP,7.0,0.0
"CRISPY CREPE,(R)",FREE CHIMNEY TOP,FREE CHIMNEY TOP,4.0,0.0
"DARK CHOCOLATE SAUCE,(R)",FREE CHIMNEY TOP,FREE CHIMNEY TOP,4.0,0.0
"FRUIT LOOPS,(R)",FREE CHIMNEY TOP,FREE CHIMNEY TOP,4.0,0.0
"WHIPPED CREAM   ,",FREE CHIMNEY TOP,FREE CHIMNEY TOP,53.0,0.0
"SWITCH TO ICE CREAM,",FREE CHIMNEY TOP,FREE CHIMNEY TOP,9.0,2145405.38
"PISTACHIO TOPPING,",FREE CHIMNEY TOP,FREE CHIMNEY TOP,103.0,0.0
"NUTELLA SAUCE ,(R)",FREE MINI TOP,FREE MINI TOP,189.0,0.0
BLUEBERRIES .(P),FREE MINI TOP,FREE MINI TOP,6.0,182756.75
RASPBERRIES .(P),FREE MINI TOP,FREE MINI TOP,2.0,60918.92
DARK CHOCOLATE CHIPS .(P),FREE MINI TOP,FREE MINI TOP,2.0,60918.92
GRANOLA BERRIES .(P),FREE MINI TOP,FREE MINI TOP,1.0,30459.46
PEANUT BUTTER CUP .(P),FREE MINI TOP,FREE MINI TOP,1.0,30459.46
"WHIPPED CREAM ,(P)",FREE MINI TOP,FREE MINI TOP,6.0,182756.75
"PISTACHIO SAUCE,(P)",FREE MINI TOP,FREE MINI TOP,10.0,304594.58
RASPBERRY JAM .(P),FREE MINI TOP,FREE MINI TOP,1.0,30459.46
CHERRY JAM .(P),FREE MINI TOP,FREE MINI TOP,1.0,30459.46
"GUMMY BEARS,(R)",FREE MINI TOP,FREE MINI TOP,3.0,0.0
MARSHMALLOWS .(R),FREE MINI TOP,FREE MINI TOP,6.0,0.0
"CRISPY CREPE ,(R)",FREE MINI TOP,FREE MINI TOP,1.0,0.0
STRAWBERRY .(R),FREE MINI TOP,FREE MINI TOP,226.0,0.0
"BROWNIES,(R)",FREE MINI TOP,FREE MINI TOP,141.0,0.0
"CRUSHED OREO ,(R)",FREE MINI TOP,FREE MINI TOP,13.0,0.0
"CRUSHED LOTUS,(R)",FREE MINI TOP,FREE MINI TOP,42.0,0.0
"SPRINKLES,(R)",FREE MINI TOP,FREE MINI TOP,3.0,0.0
LOTUS SAUCE .(R),FREE MINI TOP,FREE MINI TOP,5.0,0.0
"WHITE CHOCOLATE SAUCE  ,(R)",FREE MINI TOP,FREE MINI TOP,3.0,0.0
"CARAMEL SAUCE  ,(R)",FREE MINI TOP,FREE MINI TOP,98.0,0.0
SALTED CARAMEL SAUCE  .(R),FREE MINI TOP,FREE MINI TOP,1.0,0.0
DARK CHOCOLATE SAUCE .(R),FREE MINI TOP,FREE MINI TOP,0.0,0.0
"FRUIT LOOPS ,(R)",FREE MINI TOP,FREE MINI TOP,2.0,0.0
"NO TOPPINGS ,",FREE MINI TOP,FREE MINI TOP,11.0,0.0
WHIPPED CREAM  .,FREE MINI TOP,FREE MINI TOP,36.0,0.0
switch to ice cream.,FREE MINI TOP,FREE MINI TOP,8.0,2860540.5
PISTACHIO TOPPING.,FREE MINI TOP,FREE MINI TOP,33.0,0.0
NUTELLA DIP.(R),free dip,free dip,42.0,0.0
LOTUS DIP.(R),free dip,free dip,6.0,0.0
WHITE CHOCOLATE DIP.(R),free dip,free dip,6.0,0.0
CARAMEL DIP.(R),free dip,free dip,1.0,0.0
SALTED CARAMEL DIP.(R),free dip,free dip,5.0,0.0
DARK CHOCOLATE DIP.(R),free dip,free dip,4.0,0.0
CHERRY JAM DIP.(P),free dip,free dip,1.0,119189.19
PISTACHIO DIP.(P),free dip,free dip,3.0,357567.56
DECAF,coffee type,coffee type,8.0,0.0
REGULAR.,coffee type,coffee type,126.0,0.0
HOT,DRINK TYPE,DRINK TYPE,54.0,0.0
ICED,DRINK TYPE,DRINK TYPE,40.0,0.0
MILK OPTIONS,MILK OPTIONS,MILK OPTIONS,1.0,0.0
FULL FAT MILK,MILK OPTIONS,MILK OPTIONS,147.0,0.0
SKIMMED MILK.,MILK OPTIONS,MILK OPTIONS,15.0,0.0
LACTOSE FREE MILK.,MILK OPTIONS,MILK OPTIONS,1.0,0.0
TOASTED MARSHMALLOWS,MARSHMALLOW OPTIONS,MARSHMALLOW OPTIONS,2.0,238378.38
NO MARSHMALLLOWS,MARSHMALLOW OPTIONS,MARSHMALLOW OPTIONS,4.0,0.0
HOT CHOCOLATE,CONUT''S FAVORITE,CONUT''S FAVORITE,6.0,2860540.5
ICED SHAKEN ESPRESSO,CONUT''S FAVORITE,CONUT''S FAVORITE,3.0,1521648.67
MATCHA LATTE,CONUT''S FAVORITE,CONUT''S FAVORITE,1.0,595945.95
AMERICAN COFFEE,Hot-Coffee Based,Hot-Coffee Based,46.0,16448107.89
CAPPUCCINO,Hot-Coffee Based,Hot-Coffee Based,114.0,47556485.85
CAFFE LATTE,Hot-Coffee Based,Hot-Coffee Based,156.0,65077296.41
CAFE MOCHA,Hot-Coffee Based,Hot-Coffee Based,47.0,23839162.5
CARAMEL MACHIATO,Hot-Coffee Based,Hot-Coffee Based,76.0,40762702.16
CAFFE AMERICANO,Hot-Coffee Based,Hot-Coffee Based,66.0,20055567.27
SINGLE ESPRESSO,Hot-Coffee Based,Hot-Coffee Based,131.0,31227567.15
DOUBLE ESPRESSO,Hot-Coffee Based,Hot-Coffee Based,127.0,41710918.28
ESPRESSO MACCHIATO,Hot-Coffee Based,Hot-Coffee Based,6.0,1970594.56
WHITE MOCHA,Hot-Coffee Based,Hot-Coffee Based,15.0,7608243.35
FLAT WHITE,Hot-Coffee Based,Hot-Coffee Based,8.0,3104216.17
HOT CHOCOLATE COMBO,Hot-Coffee Based,Hot-Coffee Based,57.0,37743243.21
[CARAMEL DRESSING],Hot-Coffee Based,Free Dressing,71.0,0.0
[CHOCOLATE DRESSING],Hot-Coffee Based,Free Dressing,118.0,0.0
[NO DRESSING],Hot-Coffee Based,Free Dressing,143.0,0.0
[STRAWBERRY DRESSING],Hot-Coffee Based,Free Dressing,28.0,0.0
[SALTED CARAMEL DRESSING],Hot-Coffee Based,Free Dressing,16.0,0.0
WHIPPED CREAM...,Hot-Coffee Based,Free Whipped Cream,142.0,0.0
NO WHIPPED CREAM,Hot-Coffee Based,Free Whipped Cream,263.0,0.0
PRESSED,Hot-Coffee Based,CHIMNEY CAKE OPTIONS,244.0,0.0
REGULAR,Hot-Coffee Based,CHIMNEY CAKE OPTIONS,47.0,0.0
ICE CREAM ON TOP,Hot-Coffee Based,OPTIONS ICE CREAM,158.0,0.0
ICE CREAM ON THE SIDE,Hot-Coffee Based,OPTIONS ICE CREAM,289.0,0.0
"CARAMEL  SAUCE,",Bev Add-ons,Bev Add-ons,20.0,1801081.04
CHOCOLATE SAUCE,Bev Add-ons,Bev Add-ons,14.0,1260756.73
HAZELNUT SYRUP,Bev Add-ons,Bev Add-ons,2.0,180108.1
VANILLA SYRUP,Bev Add-ons,Bev Add-ons,16.0,1440864.84
EXTRA ESPRESSO SHOT,Bev Add-ons,Bev Add-ons,2.0,180108.1
SWEETENED CREAM,Bev Add-ons,Bev Add-ons,1.0,90054.05
WHITE CHOCOLATE SAUCE,Bev Add-ons,Bev Add-ons,2.0,180108.1
WHITE CHOCOLATE FLAVOUR,Bev Add-ons,Bev Add-ons,2.0,180108.1
EXTRA DECAF ESPRESSO SHOT,Bev Add-ons,Bev Add-ons,1.0,90054.05
STRAWBERRY DRESSING,Bev Add-ons,Bev Add-ons,1.0,90054.05
SALTED CARAMEL SYRUP,Bev Add-ons,Bev Add-ons,2.0,180108.1
MOCHA FRAPPE,Frappes,Frappes,24.0,12872432.26
CARAMEL MOCHA FRAPPE,Frappes,Frappes,16.0,8581621.51
HAZELNUT MOCHA FRAPPE,Frappes,Frappes,7.0,3754459.41
CARAMEL FRAPPE,Frappes,Frappes,81.0,43444458.88
VANILLA FRAPPE,Frappes,Frappes,11.0,5899864.79
WHITE MOCHA FRAPPE,Frappes,Frappes,11.0,5899864.79
HAZELNUT FRAPPE,Frappes,Frappes,7.0,3754459.41
MATCHA FRAPPE,Frappes,Frappes,10.0,6264054.11
SALTED CARAMEL FRAPPE,Frappes,Frappes,14.0,7508918.82
ESPRESSO FRAPPE,Frappes,Frappes,7.0,3133351.31
TOFFEE NUT FRAPPE,Frappes,Frappes,21.0,11263378.23
VANILLA MILKSHAKE,Shakes,Shakes,46.0,24672161.83
OREO MILKSHAKE,Shakes,Shakes,59.0,42192973.28
PEANUT BUTTER MILKSHAKE,Shakes,Shakes,2.0,1549459.47
STRAWBERRY MILKSHAKE,Shakes,Shakes,35.0,25029729.91
MATCHA MILKSHAKE,Shakes,Shakes,6.0,5363513.53
SALTED CARAMEL MILKSHAKE,Shakes,Shakes,12.0,9296756.81
PISTACHIO MILKSHAKE,Shakes,Shakes,11.0,9833108.14
GRANOLA BERRIES MILKSHAKE,Shakes,Shakes,4.0,3098918.94
DOUBLE CHOCOLATE MILKSHAKE,Shakes,Shakes,19.0,14719864.95
FRUIT LOOPS MILKSHAKE,Shakes,Shakes,3.0,2324189.2
TOFFEE NUT MILKSHAKE,Shakes,Shakes,1.0,774729.73
ICED CHOCOLATE,Hot and Cold Drinks,Hot and Cold Drinks,11.0,4923837.76
WATER,Hot and Cold Drinks,Hot and Cold Drinks,2181.0,173301068.95
HOT MILK,Hot and Cold Drinks,Hot and Cold Drinks,17.0,3039324.28
VIA SPARKLING WATER,Hot and Cold Drinks,Hot and Cold Drinks,34.0,6078648.57
MANGO PASSION,Hot and Cold Drinks,Hot and Cold Drinks,44.0,18355134.89
MELON PASSION,Hot and Cold Drinks,Hot and Cold Drinks,16.0,6674594.51
WILD BERRIES,Hot and Cold Drinks,Hot and Cold Drinks,14.0,5840270.19
WILD BERRIES PASSION,Hot and Cold Drinks,Hot and Cold Drinks,4.0,1668648.63
EARL GREY,Hot and Cold Drinks,TEA FLAVORS,5.0,1489864.84
ENGLISH BREAKFAST,Hot and Cold Drinks,TEA FLAVORS,3.0,893918.91
GREEN TEA,Hot and Cold Drinks,TEA FLAVORS,8.0,2383783.75
PEPPERMINT TEA,Hot and Cold Drinks,TEA FLAVORS,2.0,595945.94
PEACH ICED TEA,Hot and Cold Drinks,TEA FLAVORS,35.0,14600675.48
RASPBERRY ICED TEA,Hot and Cold Drinks,TEA FLAVORS,12.0,5005945.88
NO CINNAMON,Conuts,Conuts,22.0,0.0
ADD ICE CREAM,Extras and Sides,Extras and Sides,276.0,131584863.11
DELIVERY CHARGE,Delivery Service,Delivery,270.0,64362161.3
SEND CUTLERY,Delivery Service,Delivery,7.0,0.0
DONT SEND CUTLERY,Delivery Service,Delivery,1.0,0.0
TAKE AWAY,Delivery Service,Delivery,620.0,0.0
NUTELLA SPREAD CONUT.,Free Conut Spreads,Free Conut Spreads,902.0,0.0
LOTUS SPREAD CONUT.,Free Conut Spreads,Free Conut Spreads,40.0,0.0
WHITE CHOCOLATE SPREAD CONUT.,Free Conut Spreads,Free Conut Spreads,217.0,0.0
PISTACHIO SPREAD CONUT.,Free Conut Spreads,Free Conut Spreads,2.0,60918.92
NO SPREAD.,Free Conut Spreads,Free Conut Spreads,17.0,0.0
NUTELLA SPREAD CHIMNEY.,Free Chimney Cake Spreads,Free Chimney Cake Spreads,1248.0,0.0
LOTUS SPREAD CHIMNEY.,Free Chimney Cake Spreads,Free Chimney Cake Spreads,69.0,0.0
WHITE CHOCOLATE SPREAD CHIMNEY.,Free Chimney Cake Spreads,Free Chimney Cake Spreads,249.0,0.0
PISTACHIO SPREAD CHIMNEY.,Free Chimney Cake Spreads,Free Chimney Cake Spreads,21.0,1251486.47
NO SPREAD,Free Chimney Cake Spreads,Free Chimney Cake Spreads,76.0,0.0
ARGENTINA,Holder,Holders,1.0,0.0
ENGLAND HOLDER,Holder,Holders,1.0,0.0
CLASSIC CHIMNEY,ITEMS,ITEMS,291.0,173420272.24
MINI THE ONE,ITEMS,ITEMS,255.0,129340136.99
MINI THE ORIGINAL,ITEMS,ITEMS,219.0,104409728.34
CONUT THE ORIGINAL,ITEMS,ITEMS,313.0,270677325.11
CHIMNEY THE ORIGINAL,ITEMS,ITEMS,171.0,203813513.31
CONUT THE ONE,ITEMS,ITEMS,486.0,434444595.95
CHIMNEY THE ONE,ITEMS,ITEMS,859.0,1075026890.19
MINI PISTACHIO,ITEMS,ITEMS,61.0,38210730.08
CONUT PISTACHIO,ITEMS,ITEMS,87.0,88140405.51
CHIMNEY PISTACHIO,ITEMS,ITEMS,117.0,167341621.11
MINI BOSTON CHEESECAKE,ITEMS,ITEMS,53.0,28426621.24
CONUT BOSTON CHEESECAKE,ITEMS,ITEMS,95.0,87815946.11
CHIMNEY BOSTON CHEESECAKE,ITEMS,ITEMS,84.0,110130810.58
MINI BERRY MIX,ITEMS,ITEMS,122.0,61880379.27
CONUT BERRY MIX,ITEMS,ITEMS,158.0,141239189.63
CHIMNEY BERRY MIX,ITEMS,ITEMS,102.0,127651621.42
ICE CREAM BOWL,ITEMS,ITEMS,271.0,161501353.18
CONUT BITES,ITEMS,ITEMS,50.0,32777027.32
CINNAMON SUGAR RINGS,ITEMS,ITEMS,13.0,5423108.04
CHOCOLATE CHIPS RINGS,ITEMS,ITEMS,8.0,3814054.0
CONUT TRIPLE CHOCOLATE,ITEMS,ITEMS,226.0,208909513.9
MINI TRIPLE CHOCOLATE,ITEMS,ITEMS,124.0,66507566.68
CHIMNEY TRIPLE CHOCOLATE,ITEMS,ITEMS,240.0,314659458.79
CHIMNEY COMBO.,ITEMS,ITEMS,3.0,11799729.75
CONUT COMBO,ITEMS,ITEMS,13.0,35637567.47
THE SHARING BOX.,ITEMS,ITEMS,47.0,78426486.82
THE ONE CONUT,ITEMS,ITEMS,13.0,0.0
THE ONE MINI,ITEMS,ITEMS,47.0,0.0
THE ONE CHIMNEY,ITEMS,ITEMS,3.0,0.0
PISTACHIO CONUT,ITEMS,ITEMS,13.0,0.0
PISTACHIO MINI,ITEMS,ITEMS,46.0,0.0
PISTACHIO CHIMNEY,ITEMS,ITEMS,3.0,0.0
TRIPLE CHOCOLATE CONUT,ITEMS,ITEMS,13.0,0.0
TRIPLE CHOCOLATE MINI,ITEMS,ITEMS,47.0,0.0
TRIPLE CHOCOLATE CHIMNEY,ITEMS,ITEMS,3.0,0.0
BOSTON CHEESECAKE CONUT,ITEMS,ITEMS,13.0,0.0
BOSTON CHEESECAKE MINI,ITEMS,ITEMS,47.0,0.0
BOSTON CHEESECAKE CHIMNEY,ITEMS,ITEMS,3.0,0.0
TIRAMISU MINI CONUT,ITEMS,ITEMS,88.0,52443243.84
TIRAMISU CONUT,ITEMS,ITEMS,137.0,130631351.62
TIRAMISU CHIMNEY,ITEMS,ITEMS,120.0,157329729.4
NUTELLA SPREAD MINI,EXTRA MINI SPREAD,EXTRA MINI SPREAD,3.0,178783.78
PISTACHIO SPREAD MINI,EXTRA MINI SPREAD,EXTRA MINI SPREAD,1.0,90054.05
"NO SPREAD,.",EXTRA MINI SPREAD,EXTRA MINI SPREAD,59.0,0.0
NUTELLA SPREAD CONUT,EXTRA CONUT SPREAD,EXTRA CONUT SPREAD,16.0,1440864.84
LOTUS SPREAD CONUT,EXTRA CONUT SPREAD,EXTRA CONUT SPREAD,6.0,540324.31
WHITE CHOCOLATE SPREAD CONUT,EXTRA CONUT SPREAD,EXTRA CONUT SPREAD,0.0,0.0
PISTACHIO SPREAD CONUT,EXTRA CONUT SPREAD,EXTRA CONUT SPREAD,1.0,119189.19
NO SPREAD..,EXTRA CONUT SPREAD,EXTRA CONUT SPREAD,167.0,0.0
NUTELLA SPREAD CHIMNEY,EXTRA CHIMNEY SPREAD,EXTRA CHIMNEY SPREAD,12.0,2145405.38
LOTUS SPREAD CHIMNEY,EXTRA CHIMNEY SPREAD,EXTRA CHIMNEY SPREAD,17.0,3039324.28
WHITE CHOCOLATE SPREAD CHIMNEY,EXTRA CHIMNEY SPREAD,EXTRA CHIMNEY SPREAD,4.0,715135.13
PISTACHIO SPREAD CHIMNEY,EXTRA CHIMNEY SPREAD,EXTRA CHIMNEY SPREAD,5.0,1191891.88
"NO SPREAD,,",EXTRA CHIMNEY SPREAD,EXTRA CHIMNEY SPREAD,184.0,0.0
CRUSHED OREO (R),MINI/CONUT/BOWL TOPPINGS,MINI/CONUT/BOWL TOPPINGS,1.0,90054.05
CRUSHED LOTUS (R),MINI/CONUT/BOWL TOPPINGS,MINI/CONUT/BOWL TOPPINGS,5.0,450270.26
BROWNIES (R),MINI/CONUT/BOWL TOPPINGS,MINI/CONUT/BOWL TOPPINGS,9.0,810486.47
PEANUT BUTTER CUPS (P),MINI/CONUT/BOWL TOPPINGS,MINI/CONUT/BOWL TOPPINGS,2.0,238378.38
CRISPY CREPE (R),MINI/CONUT/BOWL TOPPINGS,MINI/CONUT/BOWL TOPPINGS,1.0,90054.05
STRAWBERRIES (R),MINI/CONUT/BOWL TOPPINGS,MINI/CONUT/BOWL TOPPINGS,19.0,1711026.99
BLUEBERRIES (P),MINI/CONUT/BOWL TOPPINGS,MINI/CONUT/BOWL TOPPINGS,12.0,1430270.25
RASPBERRIES (P),MINI/CONUT/BOWL TOPPINGS,MINI/CONUT/BOWL TOPPINGS,9.0,1072702.69
SPRINKLES (R),MINI/CONUT/BOWL TOPPINGS,MINI/CONUT/BOWL TOPPINGS,8.0,720432.42
DARK CHOCOLATE SAUCE (R),MINI/CONUT/BOWL TOPPINGS,MINI/CONUT/BOWL TOPPINGS,1.0,90054.05
WHIPPED  CREAM (P),MINI/CONUT/BOWL TOPPINGS,MINI/CONUT/BOWL TOPPINGS,6.0,715135.13
SALTED CARAMEL SAUCE (R),MINI/CONUT/BOWL TOPPINGS,MINI/CONUT/BOWL TOPPINGS,2.0,180108.1
NUTELLA SAUCE (R),MINI/CONUT/BOWL TOPPINGS,MINI/CONUT/BOWL TOPPINGS,7.0,630378.37
PISTACHIO SAUCE (P),MINI/CONUT/BOWL TOPPINGS,MINI/CONUT/BOWL TOPPINGS,4.0,476756.75
LOTUS SAUCE (R),MINI/CONUT/BOWL TOPPINGS,MINI/CONUT/BOWL TOPPINGS,3.0,270162.16
DARK CHOCOLATE CHIPS (P),MINI/CONUT/BOWL TOPPINGS,MINI/CONUT/BOWL TOPPINGS,1.0,119189.19
FRUIT LOOPS (R),MINI/CONUT/BOWL TOPPINGS,MINI/CONUT/BOWL TOPPINGS,3.0,270162.16
GRANOLA BERRIES (P),MINI/CONUT/BOWL TOPPINGS,MINI/CONUT/BOWL TOPPINGS,1.0,119189.19
RASPBERRY JAM (P),MINI/CONUT/BOWL TOPPINGS,MINI/CONUT/BOWL TOPPINGS,1.0,119189.19
GUMMY BEARS (R),MINI/CONUT/BOWL TOPPINGS,MINI/CONUT/BOWL TOPPINGS,4.0,360216.21
MARSHMALLOWS (R),MINI/CONUT/BOWL TOPPINGS,MINI/CONUT/BOWL TOPPINGS,3.0,270162.16
SALTED PRETZELS (R),MINI/CONUT/BOWL TOPPINGS,MINI/CONUT/BOWL TOPPINGS,1.0,90054.05
CRUSHED OREO.,CHIMNEY TOPPINGS,CHIMNEY TOPPINGS,12.0,2145405.38
CRUSHED LOTUS.,CHIMNEY TOPPINGS,CHIMNEY TOPPINGS,10.0,1787837.81
CRISPY CREPE.,CHIMNEY TOPPINGS,CHIMNEY TOPPINGS,5.0,893918.91
BROWNIES.,CHIMNEY TOPPINGS,CHIMNEY TOPPINGS,27.0,4827162.1
STRAWBERRY.,CHIMNEY TOPPINGS,CHIMNEY TOPPINGS,129.0,23063107.8
SPRINKLES.,CHIMNEY TOPPINGS,CHIMNEY TOPPINGS,4.0,715135.13
BLUEBERRIES.,CHIMNEY TOPPINGS,CHIMNEY TOPPINGS,26.0,6197837.76
RASPBERRIES.,CHIMNEY TOPPINGS,CHIMNEY TOPPINGS,16.0,3814054.0
PEANUT BUTTER CUPS.,CHIMNEY TOPPINGS,CHIMNEY TOPPINGS,2.0,476756.75
SALTED CARAMEL SAUCE.,CHIMNEY TOPPINGS,CHIMNEY TOPPINGS,1.0,178783.78
DARK CHOCOLATE SAUCE.,CHIMNEY TOPPINGS,CHIMNEY TOPPINGS,1.0,178783.78
NUTELLA SAUCE.,CHIMNEY TOPPINGS,CHIMNEY TOPPINGS,40.0,7151351.26
LOTUS SAUCE.,CHIMNEY TOPPINGS,CHIMNEY TOPPINGS,7.0,1251486.47
WHIPPED  CREAM.,CHIMNEY TOPPINGS,CHIMNEY TOPPINGS,5.0,1191891.88
CARAMEL SAUCE.,CHIMNEY TOPPINGS,CHIMNEY TOPPINGS,1.0,178783.78
PISTACHIO SAUCE.,CHIMNEY TOPPINGS,CHIMNEY TOPPINGS,11.0,2622162.13
DARK CHOCOLATE CHIPS.,CHIMNEY TOPPINGS,CHIMNEY TOPPINGS,2.0,476756.75
FRUIT LOOPS.,CHIMNEY TOPPINGS,CHIMNEY TOPPINGS,5.0,893918.91
GRANOLA BERRIES.,CHIMNEY TOPPINGS,CHIMNEY TOPPINGS,1.0,238378.38
GUMMY BEARS.,CHIMNEY TOPPINGS,CHIMNEY TOPPINGS,8.0,1430270.25
MARSHMALLOWS.,CHIMNEY TOPPINGS,CHIMNEY TOPPINGS,8.0,1430270.25
NUTELLA DIP (R),EXTRA DIP,EXTRA DIP,4.0,476756.75
LOTUS DIP (R),EXTRA DIP,EXTRA DIP,4.0,476756.75
WHITE CHOCOLATE DIP (R),EXTRA DIP,EXTRA DIP,2.0,238378.38
CARAMEL DIP (R),EXTRA DIP,EXTRA DIP,0.0,0.0
DARK CHOCOLATE DIP (R),EXTRA DIP,EXTRA DIP,0.0,0.0
PISTACHIO DIP (P),EXTRA DIP,EXTRA DIP,4.0,953513.5
RASPBERRY JAM DIP (P),EXTRA DIP,EXTRA DIP,1.0,238378.38
CHERRY JAM DIP (P),EXTRA DIP,EXTRA DIP,3.0,715135.13
NUTELLA SPREAD MINI.,free mini spread,FREE MINI SPREAD,575.0,0.0
LOTUS SPREAD MINI.,free mini spread,FREE MINI SPREAD,14.0,0.0
WHITE CHOCOLATE SPREAD MINI.,free mini spread,FREE MINI SPREAD,122.0,0.0
PISTACHIO SPREAD MINI.,free mini spread,FREE MINI SPREAD,2.0,60918.92
NO SPREAD .,free mini spread,FREE MINI SPREAD,58.0,0.0
"STRAWBERRY , (R)",FREE CONUT TOP,FREE CONUT TOP,789.0,0.0
"BLUEBERRIES, (P)",FREE CONUT TOP,FREE CONUT TOP,60.0,1827567.5
"CRUSHED OREO, (R)",FREE CONUT TOP,FREE CONUT TOP,51.0,0.0
"CRUSHED LOTUS , (R)",FREE CONUT TOP,FREE CONUT TOP,148.0,0.0
"SPRINKLES , (R)",FREE CONUT TOP,FREE CONUT TOP,41.0,0.0
"BROWNIES , (R)",FREE CONUT TOP,FREE CONUT TOP,635.0,0.0
SALTED CARAMEL SAUCE . (R),FREE CONUT TOP,FREE CONUT TOP,7.0,0.0
WHIPPED CREAM . (P),FREE CONUT TOP,FREE CONUT TOP,11.0,335054.04
"LOTUS SAUCE , (R)",FREE CONUT TOP,FREE CONUT TOP,50.0,0.0
"WHITE CHOCOLATE SAUCE , (R)",FREE CONUT TOP,FREE CONUT TOP,34.0,0.0
"CARAMEL SAUCE , (R)",FREE CONUT TOP,FREE CONUT TOP,353.0,0.0
NO TOPPINGS.,FREE CONUT TOP,FREE CONUT TOP,89.0,0.0
"RASPBERRIES, (P)",FREE CONUT TOP,FREE CONUT TOP,38.0,1157459.42
"DARK CHOCOLATE CHIPS, (P)",FREE CONUT TOP,FREE CONUT TOP,20.0,609189.17
"GRANOLA BERRIES, (P)",FREE CONUT TOP,FREE CONUT TOP,13.0,395972.96
"PEANUT BUTTER CUP , (P)",FREE CONUT TOP,FREE CONUT TOP,6.0,182756.75
PISTACHIO SAUCE . (P),FREE CONUT TOP,FREE CONUT TOP,39.0,1187918.88
"PASSION FRUITS SAUCE ,(P)",FREE CONUT TOP,FREE CONUT TOP,11.0,335054.04
"RASPBERRY JAM , (P)",FREE CONUT TOP,FREE CONUT TOP,6.0,182756.75
"CHERRY JAM, (P)",FREE CONUT TOP,FREE CONUT TOP,1.0,30459.46
GUMMY BEARS . (R),FREE CONUT TOP,FREE CONUT TOP,28.0,0.0
"MARSHMALLOWS , (R)",FREE CONUT TOP,FREE CONUT TOP,39.0,0.0
CRISPY CREPE . (R),FREE CONUT TOP,FREE CONUT TOP,11.0,0.0
NUTELLA SAUCE . (R),FREE CONUT TOP,FREE CONUT TOP,829.0,0.0
"DARK CHOCOLATE SAUCE , (R)",FREE CONUT TOP,FREE CONUT TOP,10.0,0.0
FRUIT LOOPS . (R),FREE CONUT TOP,FREE CONUT TOP,14.0,0.0
"WHIPPED CREAM  ,",FREE CONUT TOP,FREE CONUT TOP,118.0,0.0
SWITCH TO ICE CREAM,FREE CONUT TOP,FREE CONUT TOP,20.0,7151351.26
PISTACHIO TOPPING,FREE CONUT TOP,FREE CONUT TOP,67.0,0.0
"SALTED CARAMEL SAUCE,(R)",FREE CHIMNEY TOP,FREE CHIMNEY TOP,2.0,0.0
"STRAWBERRY,(R)",FREE CHIMNEY TOP,FREE CHIMNEY TOP,989.0,0.0
BROWNIES . (R),FREE CHIMNEY TOP,FREE CHIMNEY TOP,418.0,0.0
CRUSHED OREO .(R),FREE CHIMNEY TOP,FREE CHIMNEY TOP,17.0,0.0
CRUSHED LOTUS .(R),FREE CHIMNEY TOP,FREE CHIMNEY TOP,107.0,0.0
SPRINKLES .(R),FREE CHIMNEY TOP,FREE CHIMNEY TOP,6.0,0.0
"NUTELLA SAUCE,(R)",FREE CHIMNEY TOP,FREE CHIMNEY TOP,613.0,0.0
"LOTUS SAUCE,(R)",FREE CHIMNEY TOP,FREE CHIMNEY TOP,33.0,0.0
WHITE CHOCOLATE SAUCE .(R),FREE CHIMNEY TOP,FREE CHIMNEY TOP,59.0,0.0
"CARAMEL SAUCE, (R)",FREE CHIMNEY TOP,FREE CHIMNEY TOP,529.0,0.0
NO TOPPINGS,FREE CHIMNEY TOP,FREE CHIMNEY TOP,81.0,0.0
"BLUEBERRIES , (P)",FREE CHIMNEY TOP,FREE CHIMNEY TOP,36.0,2145405.38
"RASPBERRIES ,(P)",FREE CHIMNEY TOP,FREE CHIMNEY TOP,26.0,1549459.44
"DARK CHOCOLATE CHIPS ,(P)",FREE CHIMNEY TOP,FREE CHIMNEY TOP,3.0,178783.78
"PEANUT BUTTER CUPS,(P)",FREE CHIMNEY TOP,FREE CHIMNEY TOP,3.0,178783.78
"WHIPPED CREAM,",FREE CHIMNEY TOP,FREE CHIMNEY TOP,12.0,715135.13
"PISTACHIO SAUCE ,(P)",FREE CHIMNEY TOP,FREE CHIMNEY TOP,92.0,5482702.63
"PASSION FRUIT SAUCE,(P)",FREE CHIMNEY TOP,FREE CHIMNEY TOP,3.0,178783.78
"RASPBERRY JAM,(P)",FREE CHIMNEY TOP,FREE CHIMNEY TOP,2.0,119189.19
"CHERRY JAM ,(P)",FREE CHIMNEY TOP,FREE CHIMNEY TOP,3.0,178783.78
"GUMMY BEARS ,(R)",FREE CHIMNEY TOP,FREE CHIMNEY TOP,3.0,0.0
"MARSHMALLOWS,(R)",FREE CHIMNEY TOP,FREE CHIMNEY TOP,9.0,0.0
"CRISPY CREPE,(R)",FREE CHIMNEY TOP,FREE CHIMNEY TOP,3.0,0.0
"DARK CHOCOLATE SAUCE,(R)",FREE CHIMNEY TOP,FREE CHIMNEY TOP,5.0,0.0
"FRUIT LOOPS,(R)",FREE CHIMNEY TOP,FREE CHIMNEY TOP,4.0,0.0
"WHIPPED CREAM   ,",FREE CHIMNEY TOP,FREE CHIMNEY TOP,76.0,0.0
"SWITCH TO ICE CREAM,",FREE CHIMNEY TOP,FREE CHIMNEY TOP,13.0,3098918.88
"NUTELLA SAUCE ,(R)",FREE MINI TOP,FREE MINI TOP,482.0,0.0
BLUEBERRIES .(P),FREE MINI TOP,FREE MINI TOP,4.0,121837.83
RASPBERRIES .(P),FREE MINI TOP,FREE MINI TOP,4.0,121837.83
DARK CHOCOLATE CHIPS .(P),FREE MINI TOP,FREE MINI TOP,2.0,60918.92
PEANUT BUTTER CUP .(P),FREE MINI TOP,FREE MINI TOP,1.0,30459.46
"WHIPPED CREAM ,(P)",FREE MINI TOP,FREE MINI TOP,6.0,182756.75
"PISTACHIO SAUCE,(P)",FREE MINI TOP,FREE MINI TOP,19.0,578729.71
PASSION FRUITS SAUCE .(P),FREE MINI TOP,FREE MINI TOP,2.0,60918.92
RASPBERRY JAM .(P),FREE MINI TOP,FREE MINI TOP,2.0,60918.92
"GUMMY BEARS,(R)",FREE MINI TOP,FREE MINI TOP,1.0,0.0
MARSHMALLOWS .(R),FREE MINI TOP,FREE MINI TOP,4.0,0.0
"CRISPY CREPE ,(R)",FREE MINI TOP,FREE MINI TOP,3.0,0.0
"SALTED PRETZELS,(R)",FREE MINI TOP,FREE MINI TOP,1.0,0.0
STRAWBERRY .(R),FREE MINI TOP,FREE MINI TOP,361.0,0.0
"BROWNIES,(R)",FREE MINI TOP,FREE MINI TOP,319.0,0.0
"CRUSHED OREO ,(R)",FREE MINI TOP,FREE MINI TOP,3.0,0.0
"CRUSHED LOTUS,(R)",FREE MINI TOP,FREE MINI TOP,54.0,0.0
"SPRINKLES,(R)",FREE MINI TOP,FREE MINI TOP,12.0,0.0
LOTUS SAUCE .(R),FREE MINI TOP,FREE MINI TOP,11.0,0.0
"WHITE CHOCOLATE SAUCE  ,(R)",FREE MINI TOP,FREE MINI TOP,3.0,0.0
"CARAMEL SAUCE  ,(R)",FREE MINI TOP,FREE MINI TOP,178.0,0.0
SALTED CARAMEL SAUCE  .(R),FREE MINI TOP,FREE MINI TOP,1.0,0.0
DARK CHOCOLATE SAUCE .(R),FREE MINI TOP,FREE MINI TOP,6.0,0.0
"FRUIT LOOPS ,(R)",FREE MINI TOP,FREE MINI TOP,1.0,0.0
"NO TOPPINGS ,",FREE MINI TOP,FREE MINI TOP,34.0,0.0
WHIPPED CREAM  .,FREE MINI TOP,FREE MINI TOP,105.0,0.0
switch to ice cream.,FREE MINI TOP,FREE MINI TOP,7.0,2502972.94
PISTACHIO TOPPING.,FREE MINI TOP,FREE MINI TOP,42.0,0.0
NUTELLA DIP.(R),free dip,free dip,45.0,0.0
LOTUS DIP.(R),free dip,free dip,7.0,0.0
WHITE CHOCOLATE DIP.(R),free dip,free dip,6.0,0.0
CARAMEL DIP.(R),free dip,free dip,6.0,0.0
SALTED CARAMEL DIP.(R),free dip,free dip,1.0,0.0
DARK CHOCOLATE DIP.(R),free dip,free dip,3.0,0.0
PISTACHIO DIP.(P),free dip,free dip,3.0,357567.56
PASSION FRUITS DIP.(P),free dip,free dip,0.0,0.0
DECAF,coffee type,coffee type,34.0,0.0
REGULAR.,coffee type,coffee type,955.0,0.0
HOT,DRINK TYPE,DRINK TYPE,473.0,0.0
ICED,DRINK TYPE,DRINK TYPE,191.0,0.0
MILK OPTIONS,MILK OPTIONS,MILK OPTIONS,7.0,0.0
FULL FAT MILK,MILK OPTIONS,MILK OPTIONS,868.0,0.0
SKIMMED MILK.,MILK OPTIONS,MILK OPTIONS,34.0,0.0
LACTOSE FREE MILK.,MILK OPTIONS,MILK OPTIONS,23.0,0.0
TOASTED MARSHMALLOWS,MARSHMALLOW OPTIONS,MARSHMALLOW OPTIONS,15.0,1787837.81
NO MARSHMALLLOWS,MARSHMALLOW OPTIONS,MARSHMALLOW OPTIONS,24.0,0.0
HOT CHOCOLATE,CONUT''S FAVORITE,CONUT''S FAVORITE,39.0,18593513.27
ICED SHAKEN ESPRESSO,CONUT''S FAVORITE,CONUT''S FAVORITE,16.0,8115459.58
MATCHA LATTE,CONUT''S FAVORITE,CONUT''S FAVORITE,8.0,4767567.62
AFFOGATO,CONUT''S FAVORITE,CONUT''S FAVORITE,4.0,2145405.38
PISTACHIO LATTE,CONUT''S FAVORITE,CONUT''S FAVORITE,1.0,595945.95
AMERICAN COFFEE,Hot-Coffee Based,Hot-Coffee Based,62.0,22169188.89
CAPPUCCINO,Hot-Coffee Based,Hot-Coffee Based,60.0,25029729.4
CAFFE LATTE,Hot-Coffee Based,Hot-Coffee Based,60.0,25029729.4
CAFE MOCHA,Hot-Coffee Based,Hot-Coffee Based,6.0,3043297.34
CARAMEL MACHIATO,Hot-Coffee Based,Hot-Coffee Based,26.0,13945134.95
CAFFE AMERICANO,Hot-Coffee Based,Hot-Coffee Based,102.0,31518918.45
SINGLE ESPRESSO,Hot-Coffee Based,Hot-Coffee Based,214.0,51012972.29
DOUBLE ESPRESSO,Hot-Coffee Based,Hot-Coffee Based,72.0,23647134.77
ESPRESSO MACCHIATO,Hot-Coffee Based,Hot-Coffee Based,2.0,656864.85
WHITE MOCHA,Hot-Coffee Based,Hot-Coffee Based,12.0,6086594.68
FLAT WHITE,Hot-Coffee Based,Hot-Coffee Based,12.0,4656324.25
HOT CHOCOLATE COMBO,Hot-Coffee Based,Hot-Coffee Based,58.0,38405405.37
[CARAMEL DRESSING],Hot-Coffee Based,Free Dressing,12.0,0.0
[CHOCOLATE DRESSING],Hot-Coffee Based,Free Dressing,8.0,0.0
[NO DRESSING],Hot-Coffee Based,Free Dressing,131.0,0.0
[STRAWBERRY DRESSING],Hot-Coffee Based,Free Dressing,2.0,0.0
[SALTED CARAMEL DRESSING],Hot-Coffee Based,Free Dressing,2.0,0.0
WHIPPED CREAM...,Hot-Coffee Based,Free Whipped Cream,41.0,0.0
NO WHIPPED CREAM,Hot-Coffee Based,Free Whipped Cream,123.0,0.0
PRESSED,Hot-Coffee Based,CHIMNEY CAKE OPTIONS,123.0,0.0
REGULAR,Hot-Coffee Based,CHIMNEY CAKE OPTIONS,39.0,0.0
ICE CREAM ON TOP,Hot-Coffee Based,OPTIONS ICE CREAM,271.0,0.0
ICE CREAM ON THE SIDE,Hot-Coffee Based,OPTIONS ICE CREAM,114.0,0.0
WHIPPED CREAM,Bev Add-ons,Bev Add-ons,10.0,1191891.88
"CARAMEL  SAUCE,",Bev Add-ons,Bev Add-ons,6.0,540324.31
HAZELNUT SYRUP,Bev Add-ons,Bev Add-ons,9.0,810486.47
VANILLA SYRUP,Bev Add-ons,Bev Add-ons,3.0,270162.16
EXTRA ESPRESSO SHOT,Bev Add-ons,Bev Add-ons,20.0,1801081.04
SWEETENED CREAM,Bev Add-ons,Bev Add-ons,26.0,2341405.36
EXTRA DECAF ESPRESSO SHOT,Bev Add-ons,Bev Add-ons,1.0,90054.05
STRAWBERRY DRESSING,Bev Add-ons,Bev Add-ons,1.0,90054.05
SALTED CARAMEL SYRUP,Bev Add-ons,Bev Add-ons,1.0,90054.05
MOCHA FRAPPE,Frappes,Frappes,12.0,6436216.13
CARAMEL MOCHA FRAPPE,Frappes,Frappes,10.0,5363513.44
HAZELNUT MOCHA FRAPPE,Frappes,Frappes,1.0,536351.34
CARAMEL FRAPPE,Frappes,Frappes,16.0,8581621.51
WHITE MOCHA FRAPPE,Frappes,Frappes,8.0,4290810.75
MATCHA FRAPPE,Frappes,Frappes,4.0,2505621.64
SALTED CARAMEL FRAPPE,Frappes,Frappes,3.0,1609054.03
ESPRESSO FRAPPE,Frappes,Frappes,4.0,1790486.46
TOFFEE NUT FRAPPE,Frappes,Frappes,1.0,536351.34
VANILLA MILKSHAKE,Shakes,Shakes,32.0,17163243.01
OREO MILKSHAKE,Shakes,Shakes,28.0,20023783.93
PEANUT BUTTER MILKSHAKE,Shakes,Shakes,1.0,774729.73
STRAWBERRY MILKSHAKE,Shakes,Shakes,19.0,13587567.67
MATCHA MILKSHAKE,Shakes,Shakes,1.0,893918.92
SALTED CARAMEL MILKSHAKE,Shakes,Shakes,6.0,4648378.4
PISTACHIO MILKSHAKE,Shakes,Shakes,3.0,2681756.77
GRANOLA BERRIES MILKSHAKE,Shakes,Shakes,1.0,774729.73
DOUBLE CHOCOLATE MILKSHAKE,Shakes,Shakes,11.0,8522027.08
FRUIT LOOPS MILKSHAKE,Shakes,Shakes,1.0,774729.73
TOFFEE NUT MILKSHAKE,Shakes,Shakes,2.0,1549459.47
ICED CHOCOLATE,Hot and Cold Drinks,Hot and Cold Drinks,2.0,895243.23
WATER,Hot and Cold Drinks,Hot and Cold Drinks,1393.0,110687022.0
HOT MILK,Hot and Cold Drinks,Hot and Cold Drinks,5.0,893918.91
VIA SPARKLING WATER,Hot and Cold Drinks,Hot and Cold Drinks,12.0,2145405.38
EARL GREY,Hot and Cold Drinks,TEA FLAVORS,4.0,1191891.89
ENGLISH BREAKFAST,Hot and Cold Drinks,TEA FLAVORS,4.0,1191891.88
GREEN TEA,Hot and Cold Drinks,TEA FLAVORS,9.0,2681756.72
PEPPERMINT TEA,Hot and Cold Drinks,TEA FLAVORS,9.0,2681756.72
PEACH ICED TEA,Hot and Cold Drinks,TEA FLAVORS,4.0,1668648.63
RASPBERRY ICED TEA,Hot and Cold Drinks,TEA FLAVORS,3.0,1251486.47
NO CINNAMON,Conuts,Conuts,22.0,0.0
ADD ICE CREAM,Extras and Sides,Extras and Sides,169.0,80571890.82
DELIVERY CHARGE,Delivery Service,Delivery,21.0,5005945.88
SEND CUTLERY,Delivery Service,Delivery,2.0,0.0
DONT SEND CUTLERY,Delivery Service,Delivery,1.0,0.0
TAKE AWAY,Delivery Service,Delivery,80.0,0.0
NUTELLA SPREAD CONUT.,Free Conut Spreads,Free Conut Spreads,1129.0,0.0
LOTUS SPREAD CONUT.,Free Conut Spreads,Free Conut Spreads,15.0,0.0
WHITE CHOCOLATE SPREAD CONUT.,Free Conut Spreads,Free Conut Spreads,264.0,0.0
PISTACHIO SPREAD CONUT.,Free Conut Spreads,Free Conut Spreads,3.0,91378.38
NO SPREAD.,Free Conut Spreads,Free Conut Spreads,23.0,0.0
NUTELLA SPREAD CHIMNEY.,Free Chimney Cake Spreads,Free Chimney Cake Spreads,1250.0,0.0
LOTUS SPREAD CHIMNEY.,Free Chimney Cake Spreads,Free Chimney Cake Spreads,28.0,0.0
WHITE CHOCOLATE SPREAD CHIMNEY.,Free Chimney Cake Spreads,Free Chimney Cake Spreads,156.0,0.0
PISTACHIO SPREAD CHIMNEY.,Free Chimney Cake Spreads,Free Chimney Cake Spreads,4.0,238378.38
NO SPREAD,Free Chimney Cake Spreads,Free Chimney Cake Spreads,29.0,0.0
CLASSIC CHIMNEY,ITEMS,ITEMS,162.0,96543244.34
MINI THE ONE,ITEMS,ITEMS,180.0,91298920.22
MINI THE ORIGINAL,ITEMS,ITEMS,131.0,62455134.3
CONUT THE ORIGINAL,ITEMS,ITEMS,364.0,314781298.21
CHIMNEY THE ORIGINAL,ITEMS,ITEMS,216.0,257448648.39
CONUT THE ONE,ITEMS,ITEMS,641.0,573002028.81
CHIMNEY THE ONE,ITEMS,ITEMS,835.0,1044991214.56
MINI PISTACHIO,ITEMS,ITEMS,61.0,38210730.08
CONUT PISTACHIO,ITEMS,ITEMS,165.0,167162838.03
CHIMNEY PISTACHIO,ITEMS,ITEMS,140.0,200237837.23
MINI BOSTON CHEESECAKE,ITEMS,ITEMS,45.0,24135810.49
CONUT BOSTON CHEESECAKE,ITEMS,ITEMS,95.0,87815946.11
CHIMNEY BOSTON CHEESECAKE,ITEMS,ITEMS,76.0,99642161.95
MINI BERRY MIX,ITEMS,ITEMS,60.0,30432973.41
CONUT BERRY MIX,ITEMS,ITEMS,160.0,143027027.47
CHIMNEY BERRY MIX,ITEMS,ITEMS,91.0,113885270.09
ICE CREAM BOWL,ITEMS,ITEMS,225.0,134087839.36
CONUT BITES,ITEMS,ITEMS,38.0,24910540.77
CINNAMON SUGAR RINGS,ITEMS,ITEMS,14.0,5840270.19
CHOCOLATE CHIPS RINGS,ITEMS,ITEMS,4.0,1907027.0
CONUT TRIPLE CHOCOLATE,ITEMS,ITEMS,271.0,250506541.01
MINI TRIPLE CHOCOLATE,ITEMS,ITEMS,103.0,55244188.45
CHIMNEY TRIPLE CHOCOLATE,ITEMS,ITEMS,167.0,218950540.08
CHIMNEY COMBO.,ITEMS,ITEMS,14.0,55065405.49
CONUT COMBO,ITEMS,ITEMS,19.0,52085675.54
THE SHARING BOX.,ITEMS,ITEMS,39.0,65077297.58
THE ONE CONUT,ITEMS,ITEMS,19.0,0.0
THE ONE MINI,ITEMS,ITEMS,39.0,0.0
THE ONE CHIMNEY,ITEMS,ITEMS,14.0,0.0
PISTACHIO CONUT,ITEMS,ITEMS,19.0,0.0
PISTACHIO MINI,ITEMS,ITEMS,39.0,0.0
PISTACHIO CHIMNEY,ITEMS,ITEMS,14.0,0.0
TRIPLE CHOCOLATE CONUT,ITEMS,ITEMS,19.0,0.0
TRIPLE CHOCOLATE MINI,ITEMS,ITEMS,39.0,0.0
TRIPLE CHOCOLATE CHIMNEY,ITEMS,ITEMS,14.0,0.0
BOSTON CHEESECAKE CONUT,ITEMS,ITEMS,19.0,0.0
BOSTON CHEESECAKE MINI,ITEMS,ITEMS,39.0,0.0
BOSTON CHEESECAKE CHIMNEY,ITEMS,ITEMS,14.0,0.0
TIRAMISU MINI CONUT,ITEMS,ITEMS,67.0,39928378.8
TIRAMISU CONUT,ITEMS,ITEMS,131.0,124910270.53
TIRAMISU CHIMNEY,ITEMS,ITEMS,136.0,178307026.65
NUTELLA SPREAD MINI,EXTRA MINI SPREAD,EXTRA MINI SPREAD,1.0,59594.59
LOTUS SPREAD MINI,EXTRA MINI SPREAD,EXTRA MINI SPREAD,1.0,59594.59
"NO SPREAD,.",EXTRA MINI SPREAD,EXTRA MINI SPREAD,61.0,0.0
NUTELLA SPREAD CONUT,EXTRA CONUT SPREAD,EXTRA CONUT SPREAD,15.0,1350810.78
LOTUS SPREAD CONUT,EXTRA CONUT SPREAD,EXTRA CONUT SPREAD,7.0,630378.37
WHITE CHOCOLATE SPREAD CONUT,EXTRA CONUT SPREAD,EXTRA CONUT SPREAD,1.0,90054.05
PISTACHIO SPREAD CONUT,EXTRA CONUT SPREAD,EXTRA CONUT SPREAD,1.0,119189.19
NO SPREAD..,EXTRA CONUT SPREAD,EXTRA CONUT SPREAD,238.0,0.0
NUTELLA SPREAD CHIMNEY,EXTRA CHIMNEY SPREAD,EXTRA CHIMNEY SPREAD,16.0,2860540.5
LOTUS SPREAD CHIMNEY,EXTRA CHIMNEY SPREAD,EXTRA CHIMNEY SPREAD,5.0,893918.91
WHITE CHOCOLATE SPREAD CHIMNEY,EXTRA CHIMNEY SPREAD,EXTRA CHIMNEY SPREAD,2.0,357567.56
"NO SPREAD,,",EXTRA CHIMNEY SPREAD,EXTRA CHIMNEY SPREAD,197.0,0.0
CRUSHED OREO (R),MINI/CONUT/BOWL TOPPINGS,MINI/CONUT/BOWL TOPPINGS,6.0,540324.31
CRUSHED LOTUS (R),MINI/CONUT/BOWL TOPPINGS,MINI/CONUT/BOWL TOPPINGS,5.0,450270.26
BROWNIES (R),MINI/CONUT/BOWL TOPPINGS,MINI/CONUT/BOWL TOPPINGS,3.0,270162.16
PEANUT BUTTER CUPS (P),MINI/CONUT/BOWL TOPPINGS,MINI/CONUT/BOWL TOPPINGS,5.0,595945.94
CRISPY CREPE (R),MINI/CONUT/BOWL TOPPINGS,MINI/CONUT/BOWL TOPPINGS,2.0,180108.1
STRAWBERRIES (R),MINI/CONUT/BOWL TOPPINGS,MINI/CONUT/BOWL TOPPINGS,33.0,2971783.72
BLUEBERRIES (P),MINI/CONUT/BOWL TOPPINGS,MINI/CONUT/BOWL TOPPINGS,23.0,2741351.31
RASPBERRIES (P),MINI/CONUT/BOWL TOPPINGS,MINI/CONUT/BOWL TOPPINGS,17.0,2026216.19
SPRINKLES (R),MINI/CONUT/BOWL TOPPINGS,MINI/CONUT/BOWL TOPPINGS,11.0,990594.57
DARK CHOCOLATE SAUCE (R),MINI/CONUT/BOWL TOPPINGS,MINI/CONUT/BOWL TOPPINGS,2.0,180108.1
WHIPPED  CREAM (P),MINI/CONUT/BOWL TOPPINGS,MINI/CONUT/BOWL TOPPINGS,4.0,476756.75
NUTELLA SAUCE (R),MINI/CONUT/BOWL TOPPINGS,MINI/CONUT/BOWL TOPPINGS,9.0,810486.47
PISTACHIO SAUCE (P),MINI/CONUT/BOWL TOPPINGS,MINI/CONUT/BOWL TOPPINGS,3.0,357567.56
"WHITE CHOCOLATE SAUCE, (R)",MINI/CONUT/BOWL TOPPINGS,MINI/CONUT/BOWL TOPPINGS,11.0,990594.57
LOTUS SAUCE (R),MINI/CONUT/BOWL TOPPINGS,MINI/CONUT/BOWL TOPPINGS,4.0,360216.21
DARK CHOCOLATE CHIPS (P),MINI/CONUT/BOWL TOPPINGS,MINI/CONUT/BOWL TOPPINGS,8.0,953513.5
FRUIT LOOPS (R),MINI/CONUT/BOWL TOPPINGS,MINI/CONUT/BOWL TOPPINGS,3.0,270162.16
GRANOLA BERRIES (P),MINI/CONUT/BOWL TOPPINGS,MINI/CONUT/BOWL TOPPINGS,2.0,238378.38
RASPBERRY JAM (P),MINI/CONUT/BOWL TOPPINGS,MINI/CONUT/BOWL TOPPINGS,1.0,119189.19
CHERRY JAM (P),MINI/CONUT/BOWL TOPPINGS,MINI/CONUT/BOWL TOPPINGS,2.0,238378.38
GUMMY BEARS (R),MINI/CONUT/BOWL TOPPINGS,MINI/CONUT/BOWL TOPPINGS,10.0,900540.52
MARSHMALLOWS (R),MINI/CONUT/BOWL TOPPINGS,MINI/CONUT/BOWL TOPPINGS,15.0,1350810.78
CRUSHED OREO.,CHIMNEY TOPPINGS,CHIMNEY TOPPINGS,10.0,1787837.81
CRUSHED LOTUS.,CHIMNEY TOPPINGS,CHIMNEY TOPPINGS,17.0,3039324.28
CRISPY CREPE.,CHIMNEY TOPPINGS,CHIMNEY TOPPINGS,1.0,178783.78
BROWNIES.,CHIMNEY TOPPINGS,CHIMNEY TOPPINGS,25.0,4469594.54
STRAWBERRY.,CHIMNEY TOPPINGS,CHIMNEY TOPPINGS,83.0,14839053.86
SPRINKLES.,CHIMNEY TOPPINGS,CHIMNEY TOPPINGS,6.0,1072702.69
BLUEBERRIES.,CHIMNEY TOPPINGS,CHIMNEY TOPPINGS,36.0,8581621.51
RASPBERRIES.,CHIMNEY TOPPINGS,CHIMNEY TOPPINGS,31.0,7389729.63
PEANUT BUTTER CUPS.,CHIMNEY TOPPINGS,CHIMNEY TOPPINGS,3.0,715135.13
DARK CHOCOLATE SAUCE.,CHIMNEY TOPPINGS,CHIMNEY TOPPINGS,8.0,1430270.25
NUTELLA SAUCE.,CHIMNEY TOPPINGS,CHIMNEY TOPPINGS,30.0,5363513.44
LOTUS SAUCE.,CHIMNEY TOPPINGS,CHIMNEY TOPPINGS,1.0,178783.78
WHIPPED  CREAM.,CHIMNEY TOPPINGS,CHIMNEY TOPPINGS,5.0,1191891.88
CARAMEL SAUCE.,CHIMNEY TOPPINGS,CHIMNEY TOPPINGS,3.0,536351.34
PISTACHIO SAUCE.,CHIMNEY TOPPINGS,CHIMNEY TOPPINGS,5.0,1191891.88
DARK CHOCOLATE CHIPS.,CHIMNEY TOPPINGS,CHIMNEY TOPPINGS,9.0,2145405.38
FRUIT LOOPS.,CHIMNEY TOPPINGS,CHIMNEY TOPPINGS,1.0,178783.78
GUMMY BEARS.,CHIMNEY TOPPINGS,CHIMNEY TOPPINGS,7.0,1251486.47
MARSHMALLOWS.,CHIMNEY TOPPINGS,CHIMNEY TOPPINGS,9.0,1609054.03
NUTELLA DIP (R),EXTRA DIP,EXTRA DIP,8.0,953513.5
LOTUS DIP (R),EXTRA DIP,EXTRA DIP,3.0,357567.56
WHITE CHOCOLATE DIP (R),EXTRA DIP,EXTRA DIP,4.0,476756.75
CARAMEL DIP (R),EXTRA DIP,EXTRA DIP,2.0,238378.38
SALTED CARAMEL DIP (R),EXTRA DIP,EXTRA DIP,1.0,119189.19
DARK CHOCOLATE DIP (R),EXTRA DIP,EXTRA DIP,2.0,238378.38
PASSION FRUIT DIP (P),EXTRA DIP,EXTRA DIP,2.0,476756.75
PISTACHIO DIP (P),EXTRA DIP,EXTRA DIP,2.0,476756.75
RASPBERRY JAM DIP (P),EXTRA DIP,EXTRA DIP,1.0,238378.38
CHERRY JAM DIP (P),EXTRA DIP,EXTRA DIP,1.0,238378.38
NUTELLA SPREAD MINI.,free mini spread,FREE MINI SPREAD,367.0,0.0
LOTUS SPREAD MINI.,free mini spread,FREE MINI SPREAD,3.0,0.0
WHITE CHOCOLATE SPREAD MINI.,free mini spread,FREE MINI SPREAD,96.0,0.0
PISTACHIO SPREAD MINI.,free mini spread,FREE MINI SPREAD,2.0,60918.92
NO SPREAD .,free mini spread,FREE MINI SPREAD,51.0,0.0
"STRAWBERRY , (R)",FREE CONUT TOP,FREE CONUT TOP,1013.0,0.0
"BLUEBERRIES, (P)",FREE CONUT TOP,FREE CONUT TOP,52.0,1583891.84
"CRUSHED OREO, (R)",FREE CONUT TOP,FREE CONUT TOP,33.0,0.0
"CRUSHED LOTUS , (R)",FREE CONUT TOP,FREE CONUT TOP,116.0,0.0
"SPRINKLES , (R)",FREE CONUT TOP,FREE CONUT TOP,30.0,0.0
"BROWNIES , (R)",FREE CONUT TOP,FREE CONUT TOP,644.0,0.0
SALTED CARAMEL SAUCE . (R),FREE CONUT TOP,FREE CONUT TOP,4.0,0.0
WHIPPED CREAM . (P),FREE CONUT TOP,FREE CONUT TOP,2.0,60918.92
"LOTUS SAUCE , (R)",FREE CONUT TOP,FREE CONUT TOP,17.0,0.0
"WHITE CHOCOLATE SAUCE , (R)",FREE CONUT TOP,FREE CONUT TOP,20.0,0.0
"CARAMEL SAUCE , (R)",FREE CONUT TOP,FREE CONUT TOP,485.0,0.0
NO TOPPINGS.,FREE CONUT TOP,FREE CONUT TOP,104.0,0.0
"RASPBERRIES, (P)",FREE CONUT TOP,FREE CONUT TOP,37.0,1126999.96
"DARK CHOCOLATE CHIPS, (P)",FREE CONUT TOP,FREE CONUT TOP,22.0,670108.08
"GRANOLA BERRIES, (P)",FREE CONUT TOP,FREE CONUT TOP,16.0,487351.33
"PEANUT BUTTER CUP , (P)",FREE CONUT TOP,FREE CONUT TOP,11.0,335054.04
PISTACHIO SAUCE . (P),FREE CONUT TOP,FREE CONUT TOP,60.0,1827567.5
"PASSION FRUITS SAUCE ,(P)",FREE CONUT TOP,FREE CONUT TOP,2.0,60918.92
"RASPBERRY JAM , (P)",FREE CONUT TOP,FREE CONUT TOP,2.0,60918.92
"CHERRY JAM, (P)",FREE CONUT TOP,FREE CONUT TOP,2.0,60918.92
GUMMY BEARS . (R),FREE CONUT TOP,FREE CONUT TOP,32.0,0.0
"MARSHMALLOWS , (R)",FREE CONUT TOP,FREE CONUT TOP,37.0,0.0
CRISPY CREPE . (R),FREE CONUT TOP,FREE CONUT TOP,20.0,0.0
"SALTED PRETZELS , (R)",FREE CONUT TOP,FREE CONUT TOP,3.0,0.0
NUTELLA SAUCE . (R),FREE CONUT TOP,FREE CONUT TOP,982.0,0.0
"DARK CHOCOLATE SAUCE , (R)",FREE CONUT TOP,FREE CONUT TOP,8.0,0.0
FRUIT LOOPS . (R),FREE CONUT TOP,FREE CONUT TOP,5.0,0.0
"WHIPPED CREAM  ,",FREE CONUT TOP,FREE CONUT TOP,65.0,0.0
SWITCH TO ICE CREAM,FREE CONUT TOP,FREE CONUT TOP,89.0,31823513.09
PISTACHIO TOPPING,FREE CONUT TOP,FREE CONUT TOP,146.0,0.0
"SALTED CARAMEL SAUCE,(R)",FREE CHIMNEY TOP,FREE CHIMNEY TOP,2.0,0.0
"STRAWBERRY,(R)",FREE CHIMNEY TOP,FREE CHIMNEY TOP,1010.0,0.0
BROWNIES . (R),FREE CHIMNEY TOP,FREE CHIMNEY TOP,375.0,0.0
CRUSHED OREO .(R),FREE CHIMNEY TOP,FREE CHIMNEY TOP,7.0,0.0
CRUSHED LOTUS .(R),FREE CHIMNEY TOP,FREE CHIMNEY TOP,87.0,0.0
SPRINKLES .(R),FREE CHIMNEY TOP,FREE CHIMNEY TOP,1.0,0.0
"NUTELLA SAUCE,(R)",FREE CHIMNEY TOP,FREE CHIMNEY TOP,645.0,0.0
"LOTUS SAUCE,(R)",FREE CHIMNEY TOP,FREE CHIMNEY TOP,23.0,0.0
WHITE CHOCOLATE SAUCE .(R),FREE CHIMNEY TOP,FREE CHIMNEY TOP,26.0,0.0
"CARAMEL SAUCE, (R)",FREE CHIMNEY TOP,FREE CHIMNEY TOP,568.0,0.0
NO TOPPINGS,FREE CHIMNEY TOP,FREE CHIMNEY TOP,32.0,0.0
"BLUEBERRIES , (P)",FREE CHIMNEY TOP,FREE CHIMNEY TOP,15.0,893918.91
"RASPBERRIES ,(P)",FREE CHIMNEY TOP,FREE CHIMNEY TOP,8.0,476756.75
"DARK CHOCOLATE CHIPS ,(P)",FREE CHIMNEY TOP,FREE CHIMNEY TOP,4.0,238378.38
"PEANUT BUTTER CUPS,(P)",FREE CHIMNEY TOP,FREE CHIMNEY TOP,3.0,178783.78
"WHIPPED CREAM,",FREE CHIMNEY TOP,FREE CHIMNEY TOP,4.0,238378.38
"PISTACHIO SAUCE ,(P)",FREE CHIMNEY TOP,FREE CHIMNEY TOP,29.0,1728243.22
"RASPBERRY JAM,(P)",FREE CHIMNEY TOP,FREE CHIMNEY TOP,2.0,119189.19
"GUMMY BEARS ,(R)",FREE CHIMNEY TOP,FREE CHIMNEY TOP,3.0,0.0
"MARSHMALLOWS,(R)",FREE CHIMNEY TOP,FREE CHIMNEY TOP,2.0,0.0
"DARK CHOCOLATE SAUCE,(R)",FREE CHIMNEY TOP,FREE CHIMNEY TOP,5.0,0.0
"FRUIT LOOPS,(R)",FREE CHIMNEY TOP,FREE CHIMNEY TOP,1.0,0.0
"WHIPPED CREAM   ,",FREE CHIMNEY TOP,FREE CHIMNEY TOP,19.0,0.0
"SWITCH TO ICE CREAM,",FREE CHIMNEY TOP,FREE CHIMNEY TOP,60.0,14302702.51
"PISTACHIO TOPPING,",FREE CHIMNEY TOP,FREE CHIMNEY TOP,114.0,0.0
"NUTELLA SAUCE ,(R)",FREE MINI TOP,FREE MINI TOP,321.0,0.0
BLUEBERRIES .(P),FREE MINI TOP,FREE MINI TOP,5.0,152297.29
RASPBERRIES .(P),FREE MINI TOP,FREE MINI TOP,3.0,91378.38
DARK CHOCOLATE CHIPS .(P),FREE MINI TOP,FREE MINI TOP,2.0,60918.92
"WHIPPED CREAM ,(P)",FREE MINI TOP,FREE MINI TOP,1.0,30459.46
"PISTACHIO SAUCE,(P)",FREE MINI TOP,FREE MINI TOP,2.0,60918.92
CHERRY JAM .(P),FREE MINI TOP,FREE MINI TOP,0.0,0.0
"GUMMY BEARS,(R)",FREE MINI TOP,FREE MINI TOP,3.0,0.0
MARSHMALLOWS .(R),FREE MINI TOP,FREE MINI TOP,3.0,0.0
"CRISPY CREPE ,(R)",FREE MINI TOP,FREE MINI TOP,1.0,0.0
"SALTED PRETZELS,(R)",FREE MINI TOP,FREE MINI TOP,1.0,0.0
STRAWBERRY .(R),FREE MINI TOP,FREE MINI TOP,283.0,0.0
"BROWNIES,(R)",FREE MINI TOP,FREE MINI TOP,220.0,0.0
"CRUSHED OREO ,(R)",FREE MINI TOP,FREE MINI TOP,4.0,0.0
"CRUSHED LOTUS,(R)",FREE MINI TOP,FREE MINI TOP,40.0,0.0
"SPRINKLES,(R)",FREE MINI TOP,FREE MINI TOP,4.0,0.0
LOTUS SAUCE .(R),FREE MINI TOP,FREE MINI TOP,3.0,0.0
"WHITE CHOCOLATE SAUCE  ,(R)",FREE MINI TOP,FREE MINI TOP,2.0,0.0
"CARAMEL SAUCE  ,(R)",FREE MINI TOP,FREE MINI TOP,134.0,0.0
DARK CHOCOLATE SAUCE .(R),FREE MINI TOP,FREE MINI TOP,1.0,0.0
"NO TOPPINGS ,",FREE MINI TOP,FREE MINI TOP,11.0,0.0
WHIPPED CREAM  .,FREE MINI TOP,FREE MINI TOP,30.0,0.0
switch to ice cream.,FREE MINI TOP,FREE MINI TOP,24.0,8581621.51
PISTACHIO TOPPING.,FREE MINI TOP,FREE MINI TOP,60.0,0.0
NUTELLA DIP.(R),free dip,free dip,39.0,0.0
LOTUS DIP.(R),free dip,free dip,3.0,0.0
WHITE CHOCOLATE DIP.(R),free dip,free dip,2.0,0.0
CARAMEL DIP.(R),free dip,free dip,4.0,0.0
SALTED CARAMEL DIP.(R),free dip,free dip,1.0,0.0
DARK CHOCOLATE DIP.(R),free dip,free dip,2.0,0.0
NO DIP,free dip,free dip,4.0,0.0
PISTACHIO DIP.(P),free dip,free dip,1.0,119189.19
DECAF,coffee type,coffee type,16.0,0.0
REGULAR.,coffee type,coffee type,663.0,0.0
HOT,DRINK TYPE,DRINK TYPE,514.0,0.0
ICED,DRINK TYPE,DRINK TYPE,41.0,0.0
FULL FAT MILK,MILK OPTIONS,MILK OPTIONS,355.0,0.0
SKIMMED MILK.,MILK OPTIONS,MILK OPTIONS,39.0,0.0
LACTOSE FREE MILK.,MILK OPTIONS,MILK OPTIONS,32.0,0.0
TOASTED MARSHMALLOWS,MARSHMALLOW OPTIONS,MARSHMALLOW OPTIONS,18.0,2145405.38
NO MARSHMALLLOWS,MARSHMALLOW OPTIONS,MARSHMALLOW OPTIONS,53.0,0.0
HOT CHOCOLATE,CONUT''S FAVORITE,CONUT''S FAVORITE,71.0,33849729.28
MATCHA LATTE,CONUT''S FAVORITE,CONUT''S FAVORITE,3.0,1787837.86
AFFOGATO,CONUT''S FAVORITE,CONUT''S FAVORITE,6.0,3218108.07
PISTACHIO LATTE,CONUT''S FAVORITE,CONUT''S FAVORITE,3.0,1787837.86
