customer_name,description,qty,price
Person_0129,FULL FAT MILK,-1.0,0.0
Person_0129,FULL FAT MILK,1.0,0.0
Person_0129,PISTACHIO MILKSHAKE,1.0,
Person_0129,PISTACHIO MILKSHAKE,-1.0,
Person_0129,WHIPPED CREAM...,-1.0,0.0
Person_0129,WHIPPED CREAM...,1.0,0.0
Person_0130,"""  CARAMEL SAUCE",1.0,
Person_0130,CHIMNEY THE ONE,1.0,
Person_0130,CLASSIC CHIMNEY,1.0,
Person_0130,DELIVERY CHARGE,1.0,
Person_0130,LOTUS SAUCE.,1.0,
Person_0130,NUTELLA SPREAD CHIMNEY.,1.0,0.0
Person_0130,PRESSED,1.0,0.0
Person_0130,"""  STRAWBERRY",1.0,
Person_0130,STRAWBERRY.,1.0,
Person_0130,WHITE CHOCOLATE SPREAD CHIMNEY.,1.0,0.0
Person_0131,[CHOCOLATE DRESSING],1.0,0.0
Person_0131,[CHOCOLATE DRESSING],1.0,0.0
Person_0131,CLASSIC CHIMNEY,1.0,
Person_0131,CONUT THE ONE,1.0,
Person_0131,DELIVERY CHARGE,1.0,
Person_0131,FULL FAT MILK,1.0,0.0
Person_0131,FULL FAT MILK,1.0,0.0
Person_0131,MOCHA FRAPPE,1.0,
Person_0131,MOCHA FRAPPE,1.0,
Person_0131,NO TOPPINGS.,1.0,0.0
Person_0131,NUTELLA SPREAD CHIMNEY.,1.0,0.0
Person_0131,NUTELLA SPREAD CONUT.,1.0,0.0
Person_0131,PRESSED,1.0,0.0
Person_0131,REGULAR.,1.0,0.0
Person_0131,REGULAR.,1.0,0.0
Person_0131,"""  STRAWBERRY",1.0,
Person_0131,STRAWBERRY.,1.0,
Person_0131,WHIPPED CREAM...,1.0,0.0
Person_0131,WHIPPED CREAM...,1.0,0.0
Person_0132,"""  BROWNIES",1.0,
Person_0132,CONUT PISTACHIO,1.0,
Person_0132,CONUT TRIPLE CHOCOLATE,1.0,
Person_0132,DELIVERY CHARGE,1.0,
Person_0132,NO SPREAD..,1.0,0.0
Person_0132,NUTELLA SAUCE . (R),1.0,0.0
Person_0132,PISTACHIO TOPPING,1.0,0.0
Person_0132,"""  STRAWBERRY",1.0,
Person_0132,WHITE CHOCOLATE SPREAD CONUT.,1.0,0.0
Person_0133,BROWNIES . (R),-1.0,0.0
Person_0133,BROWNIES . (R),1.0,0.0
Person_0133,"""  CARAMEL SAUCE",1.0,
Person_0133,"""  CARAMEL SAUCE",1.0,
Person_0133,"""  CARAMEL SAUCE",-1.0,
Person_0133,"""  CARAMEL SAUCE",-1.0,
Person_0133,CHIMNEY BERRY MIX,-1.0,
Person_0133,CHIMNEY BERRY MIX,1.0,
Person_0133,CHIMNEY THE ONE,1.0,
Person_0133,CHIMNEY THE ONE,1.0,
Person_0133,CHIMNEY THE ONE,-1.0,
Person_0133,CHIMNEY THE ONE,-1.0,
Person_0133,CHIMNEY TRIPLE CHOCOLATE,-1.0,
Person_0133,CHIMNEY TRIPLE CHOCOLATE,1.0,
Person_0133,CLASSIC CHIMNEY,1.0,
Person_0133,CLASSIC CHIMNEY,1.0,
Person_0133,CLASSIC CHIMNEY,-1.0,
Person_0133,CLASSIC CHIMNEY,-1.0,
Person_0133,DELIVERY CHARGE,-1.0,
Person_0133,DELIVERY CHARGE,1.0,
Person_0133,NO SPREAD,1.0,0.0
Person_0133,NO SPREAD,1.0,0.0
Person_0133,NO SPREAD,-1.0,0.0
Person_0133,NO SPREAD,-1.0,0.0
Person_0133,"""  NUTELLA SAUCE",-1.0,
Person_0133,"""  NUTELLA SAUCE",-1.0,
Person_0133,"""  NUTELLA SAUCE",1.0,
Person_0133,"""  NUTELLA SAUCE",1.0,
Person_0133,NUTELLA SPREAD CHIMNEY.,1.0,0.0
Person_0133,NUTELLA SPREAD CHIMNEY.,1.0,0.0
Person_0133,NUTELLA SPREAD CHIMNEY.,1.0,0.0
Person_0133,NUTELLA SPREAD CHIMNEY.,-1.0,0.0
Person_0133,NUTELLA SPREAD CHIMNEY.,-1.0,0.0
Person_0133,NUTELLA SPREAD CHIMNEY.,-1.0,0.0
Person_0133,PRESSED,-1.0,0.0
Person_0133,PRESSED,-1.0,0.0
Person_0133,PRESSED,1.0,0.0
Person_0133,PRESSED,1.0,0.0
Person_0133,"""  STRAWBERRY",1.0,
Person_0133,"""  STRAWBERRY",1.0,
Person_0133,"""  STRAWBERRY",-1.0,
Person_0133,"""  STRAWBERRY",-1.0,
Person_0133,"""  WHIPPED CREAM",-1.0,
Person_0133,"""  WHIPPED CREAM",1.0,
Person_0133,WHITE CHOCOLATE SPREAD CHIMNEY.,1.0,0.0
Person_0133,WHITE CHOCOLATE SPREAD CHIMNEY.,-1.0,0.0
Person_0134,DELIVERY CHARGE,1.0,
Person_0134,MINI BERRY MIX,1.0,
Person_0134,MINI PISTACHIO,1.0,
Person_0134,"""  NO SPREAD",1.0,
Person_0134,"""  NUTELLA SAUCE",1.0,
Person_0134,NUTELLA SPREAD MINI.,1.0,0.0
Person_0134,PISTACHIO TOPPING.,1.0,0.0
Person_0134,STRAWBERRY .(R),1.0,0.0
Person_0134,WHIPPED CREAM  .,1.0,0.0
Person_0135,"""  CARAMEL SAUCE",1.0,
Person_0135,CHIMNEY THE ONE,1.0,
Person_0135,DELIVERY CHARGE,1.0,
Person_0135,NUTELLA SAUCE.,1.0,
Person_0135,NUTELLA SPREAD CHIMNEY.,1.0,0.0
Person_0135,"""  STRAWBERRY",1.0,
Person_0136,WATER,1.0,
Person_0137,CRISPY CREPE . (R),1.0,0.0
Person_0137,"""  CRUSHED LOTUS",1.0,
Person_0137,"""  CRUSHED OREO",1.0,
Person_0137,ICE CREAM BOWL,1.0,
Person_0137,BROWNIES . (R),1.0,0.0
Person_0137,CHIMNEY TRIPLE CHOCOLATE,1.0,
Person_0137,DELIVERY CHARGE,1.0,
Person_0137,"""  NUTELLA SAUCE",1.0,
Person_0137,WHITE CHOCOLATE SPREAD CHIMNEY.,1.0,0.0
Person_0137,BOSTON CHEESECAKE MINI,1.0,0.0
Person_0137,BOSTON CHEESECAKE MINI,-1.0,0.0
Person_0137,DELIVERY CHARGE,-1.0,
Person_0137,DELIVERY CHARGE,1.0,
Person_0137,PISTACHIO MINI,1.0,0.0
Person_0137,PISTACHIO MINI,-1.0,0.0
Person_0137,THE ONE MINI,-1.0,0.0
Person_0137,THE ONE MINI,1.0,0.0
Person_0137,THE SHARING BOX.,1.0,
Person_0137,THE SHARING BOX.,-1.0,
Person_0137,TRIPLE CHOCOLATE MINI,-1.0,0.0
Person_0137,TRIPLE CHOCOLATE MINI,1.0,0.0
Person_0137,"""  CARAMEL SAUCE",1.0,
Person_0137,CHIMNEY THE ONE,1.0,
Person_0137,CLASSIC CHIMNEY,1.0,
Person_0137,DELIVERY CHARGE,1.0,
Person_0137,NUTELLA SPREAD CHIMNEY.,1.0,0.0
Person_0137,NUTELLA SPREAD CHIMNEY.,1.0,0.0
Person_0137,PRESSED,1.0,0.0
Person_0137,"""  STRAWBERRY",1.0,
Person_0137,ADD ICE CREAM,1.0,
Person_0137,CHIMNEY BERRY MIX,1.0,
Person_0137,CHIMNEY BOSTON CHEESECAKE,1.0,
Person_0137,CRUSHED LOTUS .(R),1.0,0.0
Person_0137,DELIVERY CHARGE,1.0,
Person_0137,ICE CREAM ON THE SIDE,1.0,0.0
Person_0137,"""  NO SPREAD",1.0,
Person_0137,"""  NUTELLA SAUCE",1.0,
Person_0137,NUTELLA SPREAD CHIMNEY.,1.0,0.0
Person_0137,"""  STRAWBERRY",1.0,
Person_0137,"""  WHIPPED CREAM",1.0,
Person_0137,BROWNIES . (R),1.0,0.0
Person_0137,CHIMNEY THE ONE,1.0,
Person_0137,CHIMNEY TRIPLE CHOCOLATE,1.0,
Person_0137,CONUT BITES,1.0,
Person_0137,CONUT BITES,1.0,
Person_0137,DARK CHOCOLATE DIP.(R),1.0,0.0
Person_0137,DELIVERY CHARGE,1.0,
Person_0137,LOTUS DIP.(R),1.0,0.0
Person_0137,NO SPREAD,1.0,0.0
Person_0137,NO TOPPINGS,1.0,0.0
Person_0137,"""  NUTELLA SAUCE",1.0,
Person_0137,"""  STRAWBERRY",1.0,
Person_0137,WHITE CHOCOLATE SPREAD CHIMNEY.,1.0,0.0
Person_0137,"""  BROWNIES",1.0,
Person_0137,CHIMNEY BERRY MIX,1.0,
Person_0137,CONUT THE ONE,1.0,
Person_0137,CONUT TRIPLE CHOCOLATE,1.0,
Person_0137,"""  CRUSHED LOTUS",1.0,
Person_0137,DELIVERY CHARGE,1.0,
Person_0137,NUTELLA SAUCE . (R),1.0,0.0
Person_0137,NUTELLA SAUCE . (R),1.0,0.0
Person_0137,"""  NUTELLA SAUCE",1.0,
Person_0137,NUTELLA SPREAD CHIMNEY.,1.0,0.0
Person_0137,NUTELLA SPREAD CONUT.,1.0,0.0
Person_0137,"""  WHIPPED CREAM",1.0,
Person_0137,WHITE CHOCOLATE SPREAD CONUT.,1.0,0.0
Person_0137,BROWNIES . (R),1.0,0.0
Person_0137,BROWNIES . (R),1.0,0.0
Person_0137,"""  CARAMEL SAUCE",1.0,
Person_0137,CHIMNEY THE ONE,1.0,
Person_0137,CHIMNEY THE ONE,1.0,
Person_0137,DELIVERY CHARGE,1.0,
Person_0137,"""  LOTUS SAUCE",1.0,
Person_0137,NUTELLA SPREAD CHIMNEY.,1.0,0.0
Person_0137,NUTELLA SPREAD CHIMNEY.,1.0,0.0
Person_0137,STRAWBERRY.,1.0,
Person_0137,BROWNIES . (R),1.0,0.0
Person_0137,CHIMNEY TRIPLE CHOCOLATE,1.0,
Person_0137,DELIVERY CHARGE,1.0,
Person_0137,"""  NUTELLA SAUCE",1.0,
Person_0137,WHITE CHOCOLATE SPREAD CHIMNEY.,1.0,0.0
Person_0137,CLASSIC CHIMNEY,1.0,
Person_0137,CLASSIC CHIMNEY,1.0,
Person_0137,DELIVERY CHARGE,1.0,
Person_0137,REGULAR,1.0,0.0
Person_0137,REGULAR,1.0,0.0
Person_0137,WHITE CHOCOLATE SPREAD CHIMNEY.,1.0,0.0
Person_0137,WHITE CHOCOLATE SPREAD CHIMNEY.,1.0,0.0
Person_0137,BOSTON CHEESECAKE MINI,1.0,0.0
Person_0137,BROWNIES . (R),1.0,0.0
Person_0137,BROWNIES . (R),1.0,0.0
Person_0137,CHIMNEY THE ONE,1.0,
Person_0137,CHIMNEY TRIPLE CHOCOLATE,1.0,
Person_0137,CRUSHED OREO .(R),1.0,0.0
Person_0137,DELIVERY CHARGE,1.0,
Person_0137,DELIVERY CHARGE,1.0,
Person_0137,NO SPREAD,1.0,0.0
Person_0137,"""  NUTELLA SAUCE",1.0,
Person_0137,NUTELLA SAUCE.,1.0,
Person_0137,PISTACHIO MINI,1.0,0.0
Person_0137,STRAWBERRY.,1.0,
Person_0137,THE ONE MINI,1.0,0.0
Person_0137,THE SHARING BOX.,1.0,
Person_0137,TRIPLE CHOCOLATE MINI,1.0,0.0
Person_0137,WHITE CHOCOLATE SPREAD CHIMNEY.,1.0,0.0
Person_0137,CONUT BERRY MIX,1.0,
Person_0137,DELIVERY CHARGE,1.0,
Person_0137,NUTELLA SAUCE . (R),1.0,0.0
Person_0137,NUTELLA SPREAD CONUT.,1.0,0.0
Person_0137,"""  WHIPPED CREAM",1.0,
Person_0137,"""  CARAMEL SAUCE",1.0,
Person_0137,CHIMNEY THE ONE,1.0,
Person_0137,DELIVERY CHARGE,1.0,
Person_0137,NUTELLA SPREAD CHIMNEY.,1.0,0.0
Person_0137,"""  STRAWBERRY",1.0,
Person_0137,"""  CARAMEL SAUCE",1.0,
Person_0137,CHIMNEY THE ONE,1.0,
Person_0137,DELIVERY CHARGE,1.0,
Person_0137,NUTELLA SPREAD CHIMNEY.,1.0,0.0
Person_0137,"""  STRAWBERRY",1.0,
Person_0137,BROWNIES . (R),1.0,0.0
Person_0137,"""  CARAMEL SAUCE",1.0,
Person_0137,CHIMNEY THE ORIGINAL,1.0,
Person_0137,CONUT BERRY MIX,1.0,
Person_0137,CONUT THE ONE,1.0,
Person_0137,DELIVERY CHARGE,1.0,
Person_0137,ICE CREAM ON THE SIDE,1.0,0.0
Person_0137,NUTELLA SAUCE . (R),1.0,0.0
Person_0137,"""  NUTELLA SAUCE",1.0,
Person_0137,NUTELLA SPREAD CHIMNEY.,1.0,0.0
Person_0137,NUTELLA SPREAD CONUT.,1.0,0.0
Person_0137,NUTELLA SPREAD CONUT.,1.0,0.0
Person_0137,"""  STRAWBERRY",1.0,
Person_0137,"""  WHIPPED CREAM",1.0,
Person_0137,"""  CARAMEL SAUCE",1.0,
Person_0137,"""  CARAMEL SAUCE",1.0,
Person_0137,CHIMNEY THE ONE,1.0,
Person_0137,CHIMNEY THE ONE,1.0,
Person_0137,DELIVERY CHARGE,1.0,
Person_0137,LOTUS SPREAD CHIMNEY.,1.0,0.0
Person_0137,"""  STRAWBERRY",1.0,
Person_0137,"""  STRAWBERRY",1.0,
Person_0137,WHITE CHOCOLATE SPREAD CHIMNEY.,1.0,0.0
Person_0137,BROWNIES . (R),1.0,0.0
Person_0137,CHIMNEY BOSTON CHEESECAKE,1.0,
Person_0137,CHIMNEY THE ONE,1.0,
Person_0137,CHIMNEY THE ORIGINAL,1.0,
Person_0137,CRUSHED LOTUS .(R),1.0,0.0
Person_0137,DELIVERY CHARGE,1.0,
Person_0137,ICE CREAM ON THE SIDE,1.0,0.0
Person_0137,"""  NO SPREAD",1.0,
Person_0137,NO TOPPINGS,1.0,0.0
Person_0137,"""  NUTELLA SAUCE",1.0,
Person_0137,NUTELLA SPREAD CHIMNEY.,1.0,0.0
Person_0137,NUTELLA SPREAD CHIMNEY.,1.0,0.0
Person_0137,"""  STRAWBERRY",1.0,
Person_0137,"""  STRAWBERRY",1.0,
Person_0137,CHIMNEY BERRY MIX,1.0,
Person_0137,DELIVERY CHARGE,1.0,
Person_0137,"""  NUTELLA SAUCE",1.0,
Person_0137,NUTELLA SPREAD CHIMNEY.,1.0,0.0
Person_0137,"""  WHIPPED CREAM",1.0,
Person_0137,CHIMNEY THE ONE,1.0,
Person_0137,CHIMNEY THE ONE,1.0,
Person_0137,DELIVERY CHARGE,1.0,
Person_0137,LOTUS SPREAD CHIMNEY.,1.0,0.0
Person_0137,NO TOPPINGS,1.0,0.0
Person_0137,NO TOPPINGS,1.0,0.0
Person_0137,NUTELLA SPREAD CHIMNEY.,1.0,0.0
Person_0137,"""  STRAWBERRY",1.0,
Person_0137,"""  STRAWBERRY",1.0,
Person_0137,"""  CARAMEL SAUCE",1.0,
Person_0137,CHIMNEY THE ONE,1.0,
Person_0137,DELIVERY CHARGE,1.0,
Person_0137,NUTELLA SPREAD CHIMNEY.,1.0,0.0
Person_0137,"""  STRAWBERRY",1.0,
Person_0137,CHIMNEY THE ONE,1.0,
Person_0137,DELIVERY CHARGE,1.0,
Person_0137,NUTELLA SPREAD CHIMNEY.,1.0,0.0
Person_0137,"""  STRAWBERRY",1.0,
Person_0137,"""  STRAWBERRY",1.0,
Person_0137,BOSTON CHEESECAKE CONUT,1.0,0.0
Person_0137,"""  BROWNIES",1.0,
Person_0137,"""  CARAMEL SAUCE",1.0,
Person_0137,"""  CARAMEL SAUCE",1.0,
Person_0137,CONUT COMBO,1.0,
Person_0137,CONUT THE ONE,1.0,
Person_0137,CONUT THE ONE,1.0,
Person_0137,CONUT TRIPLE CHOCOLATE,1.0,
Person_0137,DELIVERY CHARGE,1.0,
Person_0137,DELIVERY CHARGE,1.0,
Person_0137,NUTELLA SAUCE . (R),1.0,0.0
Person_0137,NUTELLA SPREAD CONUT.,1.0,0.0
Person_0137,NUTELLA SPREAD CONUT.,1.0,0.0
Person_0137,PISTACHIO CONUT,1.0,0.0
Person_0137,"""  STRAWBERRY",1.0,
Person_0137,"""  STRAWBERRY",1.0,
Person_0137,THE ONE CONUT,1.0,0.0
Person_0137,TRIPLE CHOCOLATE CONUT,1.0,0.0
Person_0137,WHITE CHOCOLATE SPREAD CONUT.,1.0,0.0
Person_0137,"""  CARAMEL SAUCE",1.0,
Person_0137,CHIMNEY THE ONE,1.0,
Person_0137,DELIVERY CHARGE,1.0,
Person_0137,NUTELLA SPREAD CHIMNEY.,1.0,0.0
Person_0137,"""  STRAWBERRY",1.0,
Person_0137,CLASSIC CHIMNEY,1.0,
Person_0137,CLASSIC CHIMNEY,1.0,
Person_0137,DELIVERY CHARGE,1.0,
Person_0137,NUTELLA SPREAD CHIMNEY.,1.0,0.0
Person_0137,NUTELLA SPREAD CHIMNEY.,1.0,0.0
Person_0137,PRESSED,1.0,0.0
Person_0137,PRESSED,1.0,0.0
Person_0137,CAFFE LATTE,1.0,
Person_0137,"""  CARAMEL SAUCE",1.0,
Person_0137,"""  CARAMEL SAUCE",1.0,
Person_0137,CHIMNEY THE ONE,1.0,
Person_0137,DELIVERY CHARGE,1.0,
Person_0137,FULL FAT MILK,1.0,0.0
Person_0137,HOT,1.0,0.0
Person_0137,MINI THE ONE,1.0,
Person_0137,NUTELLA SPREAD CHIMNEY.,1.0,0.0
Person_0137,NUTELLA SPREAD MINI.,1.0,0.0
Person_0137,REGULAR.,1.0,0.0
Person_0137,STRAWBERRY .(R),1.0,0.0
Person_0137,"""  STRAWBERRY",1.0,
Person_0138,BROWNIES . (R),1.0,0.0
Person_0138,"""  CARAMEL SAUCE",1.0,
Person_0138,CHIMNEY PISTACHIO,1.0,
Person_0138,CHIMNEY THE ONE,1.0,
Person_0138,CHIMNEY THE ONE,1.0,
Person_0138,CHIMNEY THE ONE,1.0,
Person_0138,CONUT TRIPLE CHOCOLATE,1.0,
Person_0138,HOT,1.0,0.0
Person_0138,HOT,1.0,0.0
Person_0138,"""  NO SPREAD",1.0,
Person_0138,NUTELLA SAUCE . (R),1.0,0.0
Person_0138,"""  NUTELLA SAUCE",1.0,
Person_0138,"""  NUTELLA SAUCE",1.0,
Person_0138,"""  NUTELLA SAUCE",1.0,
Person_0138,"""  NUTELLA SAUCE",1.0,
Person_0138,NUTELLA SPREAD CHIMNEY.,1.0,0.0
Person_0138,NUTELLA SPREAD CHIMNEY.,1.0,0.0
Person_0138,NUTELLA SPREAD CHIMNEY.,1.0,0.0
Person_0138,REGULAR.,1.0,0.0
Person_0138,REGULAR.,1.0,0.0
Person_0138,SINGLE ESPRESSO,1.0,
Person_0138,SINGLE ESPRESSO,1.0,
Person_0138,"""  STRAWBERRY",1.0,
Person_0138,"""  STRAWBERRY",1.0,
Person_0138,"""  STRAWBERRY",1.0,
Person_0138,WATER,1.0,
Person_0138,WATER,1.0,
Person_0138,WHITE CHOCOLATE SPREAD CONUT.,1.0,0.0
Person_0139,[CARAMEL DRESSING],1.0,0.0
Person_0139,BROWNIES . (R),1.0,0.0
Person_0139,BROWNIES . (R),1.0,0.0
Person_0139,"""  CARAMEL SAUCE",1.0,
Person_0139,CHIMNEY THE ONE,1.0,
Person_0139,CHIMNEY TRIPLE CHOCOLATE,1.0,
Person_0139,CHIMNEY TRIPLE CHOCOLATE,1.0,
Person_0139,FULL FAT MILK,1.0,0.0
Person_0139,NO WHIPPED CREAM,1.0,0.0
Person_0139,"""  NUTELLA SAUCE",1.0,
Person_0139,"""  NUTELLA SAUCE",1.0,
Person_0139,NUTELLA SPREAD CHIMNEY.,1.0,0.0
Person_0139,"""  STRAWBERRY",1.0,
Person_0139,TOFFEE NUT MILKSHAKE,1.0,
Person_0139,WHITE CHOCOLATE SPREAD CHIMNEY.,1.0,0.0
Person_0139,WHITE CHOCOLATE SPREAD CHIMNEY.,1.0,0.0
Person_0140,CHOCOLATE SAUCE,1.0,
Person_0140,CLASSIC CHIMNEY,1.0,
Person_0140,FULL FAT MILK,1.0,0.0
Person_0140,FULL FAT MILK,1.0,0.0
Person_0140,HOT MILK,1.0,
Person_0140,HOT MILK,1.0,
Person_0140,NUTELLA SPREAD CHIMNEY.,1.0,0.0
Person_0140,PRESSED,1.0,0.0
Person_0140,VANILLA SYRUP,1.0,
Person_0141,[NO DRESSING],1.0,0.0
Person_0141,BROWNIES . (R),1.0,0.0
Person_0141,BROWNIES . (R),1.0,0.0
Person_0141,"""  CARAMEL SAUCE",1.0,
Person_0141,"""  CARAMEL SAUCE",1.0,
Person_0141,"""  CARAMEL SAUCE",1.0,
Person_0141,CHIMNEY BOSTON CHEESECAKE,1.0,
Person_0141,CHIMNEY THE ONE,1.0,
Person_0141,CHIMNEY THE ONE,1.0,
Person_0141,CHIMNEY THE ONE,1.0,
Person_0141,CHIMNEY TRIPLE CHOCOLATE,1.0,
Person_0141,CHIMNEY TRIPLE CHOCOLATE,1.0,
Person_0141,CLASSIC CHIMNEY,1.0,
Person_0141,CRUSHED LOTUS .(R),1.0,0.0
Person_0141,FRUIT LOOPS MILKSHAKE,1.0,
Person_0141,FULL FAT MILK,1.0,0.0
Person_0141,MINI THE ONE,1.0,
Person_0141,NO SPREAD,1.0,0.0
Person_0141,"""  NO SPREAD",1.0,
Person_0141,NO WHIPPED CREAM,1.0,0.0
Person_0141,"""  NUTELLA SAUCE",1.0,
Person_0141,"""  NUTELLA SAUCE",1.0,
Person_0141,"""  NUTELLA SAUCE",1.0,
Person_0141,NUTELLA SPREAD CHIMNEY.,1.0,0.0
Person_0141,NUTELLA SPREAD CHIMNEY.,1.0,0.0
Person_0141,NUTELLA SPREAD CHIMNEY.,1.0,0.0
Person_0141,NUTELLA SPREAD MINI.,1.0,0.0
Person_0141,"""  PISTACHIO SAUCE",1.0,
Person_0141,PRESSED,1.0,0.0
Person_0141,STRAWBERRY .(R),1.0,0.0
Person_0141,"""  STRAWBERRY",1.0,
Person_0141,"""  STRAWBERRY",1.0,
Person_0141,"""  STRAWBERRY",1.0,
Person_0141,WATER,1.0,
Person_0141,WHITE CHOCOLATE SPREAD CHIMNEY.,1.0,0.0
Person_0141,WHITE CHOCOLATE SPREAD CHIMNEY.,1.0,0.0
Person_0142,[CHOCOLATE DRESSING],1.0,0.0
Person_0142,BLUEBERRIES.,1.0,
Person_0142,BLUEBERRIES.,1.0,
Person_0142,BLUEBERRIES.,1.0,
Person_0142,BROWNIES . (R),1.0,0.0
Person_0142,BROWNIES . (R),1.0,0.0
Person_0142,BROWNIES.,1.0,
Person_0142,CAFFE LATTE,1.0,
Person_0142,CARAMEL MACHIATO,1.0,
Person_0142,"""  CARAMEL SAUCE",1.0,
Person_0142,"""  CARAMEL SAUCE",1.0,
Person_0142,"""  CARAMEL SAUCE",1.0,
Person_0142,CHIMNEY BERRY MIX,1.0,
Person_0142,CHIMNEY PISTACHIO,1.0,
Person_0142,CHIMNEY THE ONE,1.0,
Person_0142,CHIMNEY THE ONE,1.0,
Person_0142,CHIMNEY THE ONE,1.0,
Person_0142,CHIMNEY THE ONE,1.0,
Person_0142,CHIMNEY THE ONE,1.0,
Person_0142,CLASSIC CHIMNEY,1.0,
Person_0142,DOUBLE CHOCOLATE MILKSHAKE,1.0,
Person_0142,FULL FAT MILK,1.0,0.0
Person_0142,FULL FAT MILK,1.0,0.0
Person_0142,HOT,1.0,0.0
Person_0142,ICED,1.0,0.0
Person_0142,NO SPREAD,1.0,0.0
Person_0142,"""  NUTELLA SAUCE",1.0,
Person_0142,"""  NUTELLA SAUCE",1.0,
Person_0142,NUTELLA SAUCE.,1.0,
Person_0142,NUTELLA SPREAD CHIMNEY,1.0,
Person_0142,NUTELLA SPREAD CHIMNEY.,1.0,0.0
Person_0142,NUTELLA SPREAD CHIMNEY.,1.0,0.0
Person_0142,NUTELLA SPREAD CHIMNEY.,1.0,0.0
Person_0142,NUTELLA SPREAD CHIMNEY.,1.0,0.0
Person_0142,NUTELLA SPREAD CHIMNEY.,1.0,0.0
Person_0142,NUTELLA SPREAD CHIMNEY.,1.0,0.0
Person_0142,PRESSED,1.0,0.0
Person_0142,REGULAR.,1.0,0.0
Person_0142,REGULAR.,1.0,0.0
Person_0142,SKIMMED MILK.,1.0,0.0
Person_0142,"""  STRAWBERRY",1.0,
Person_0142,"""  STRAWBERRY",1.0,
Person_0142,"""  STRAWBERRY",1.0,
Person_0142,"""  STRAWBERRY",1.0,
Person_0142,"""  STRAWBERRY",1.0,
Person_0142,"""  STRAWBERRY",1.0,
Person_0142,WATER,1.0,
Person_0142,"""  WHIPPED CREAM",1.0,
Person_0142,WHIPPED CREAM...,1.0,0.0
Person_0143,AFFOGATO,1.0,
Person_0144,CAFFE LATTE,1.0,
Person_0144,CHIMNEY THE ONE,1.0,
Person_0144,CHIMNEY THE ONE,1.0,
Person_0144,CHIMNEY THE ONE,1.0,
Person_0144,FULL FAT MILK,1.0,0.0
Person_0144,ICED,1.0,0.0
Person_0144,"""  NUTELLA SAUCE",1.0,
Person_0144,"""  NUTELLA SAUCE",1.0,
Person_0144,NUTELLA SPREAD CHIMNEY.,1.0,0.0
Person_0144,NUTELLA SPREAD CHIMNEY.,1.0,0.0
Person_0144,REGULAR.,1.0,0.0
Person_0144,"""  STRAWBERRY",1.0,
Person_0144,"""  STRAWBERRY",1.0,
Person_0144,"""  STRAWBERRY",1.0,
Person_0144,WATER,1.0,
Person_0144,WATER,1.0,
Person_0144,WHITE CHOCOLATE SAUCE .(R),1.0,0.0
Person_0144,WHITE CHOCOLATE SPREAD CHIMNEY.,1.0,0.0
Person_0145,DELIVERY CHARGE,1.0,
Person_0145,MINI BERRY MIX,1.0,
Person_0145,MINI THE ONE,1.0,
Person_0145,"""  NUTELLA SAUCE",1.0,
Person_0145,NUTELLA SPREAD MINI.,1.0,0.0
Person_0145,PISTACHIO SPREAD MINI.,1.0,
Person_0145,PISTACHIO TOPPING.,1.0,0.0
Person_0145,STRAWBERRY .(R),1.0,0.0
Person_0145,WHIPPED CREAM  .,1.0,0.0
Person_0146,TAKE AWAY,1.0,0.0
Person_0147,"""  CARAMEL SAUCE",1.0,
Person_0147,"""  CARAMEL SAUCE",1.0,
Person_0147,CHIMNEY THE ONE,1.0,
Person_0147,CHIMNEY THE ONE,1.0,
Person_0147,HOT,1.0,0.0
Person_0147,NUTELLA SPREAD CHIMNEY.,1.0,0.0
Person_0147,NUTELLA SPREAD CHIMNEY.,1.0,0.0
Person_0147,REGULAR.,1.0,0.0
Person_0147,SINGLE ESPRESSO,1.0,
Person_0147,"""  STRAWBERRY",1.0,
Person_0147,"""  STRAWBERRY",1.0,
Person_0147,TIRAMISU CHIMNEY,1.0,
Person_0147,TIRAMISU CHIMNEY,1.0,
Person_0147,WATER,1.0,
Person_0148,ADD ICE CREAM,1.0,
Person_0148,"""  BROWNIES",1.0,
Person_0148,CAFE MOCHA,1.0,
Person_0148,CAFFE LATTE,1.0,
Person_0148,CHIMNEY THE ONE,1.0,
Person_0148,CONUT TRIPLE CHOCOLATE,1.0,
Person_0148,CONUT TRIPLE CHOCOLATE,1.0,
Person_0148,DOUBLE ESPRESSO,1.0,
Person_0148,DOUBLE ESPRESSO,1.0,
Person_0148,DOUBLE ESPRESSO,1.0,
Person_0148,DOUBLE ESPRESSO,1.0,
Person_0148,FULL FAT MILK,1.0,0.0
Person_0148,HOT,1.0,0.0
Person_0148,HOT,1.0,0.0
Person_0148,HOT,1.0,0.0
Person_0148,HOT,1.0,0.0
Person_0148,ICE CREAM ON THE SIDE,1.0,0.0
Person_0148,ICED,1.0,0.0
Person_0148,ICED,1.0,0.0
Person_0148,ICED,1.0,0.0
Person_0148,ICED,1.0,0.0
Person_0148,ICED SHAKEN ESPRESSO,1.0,
Person_0148,LACTOSE FREE MILK.,1.0,0.0
Person_0148,LACTOSE FREE MILK.,1.0,0.0
Person_0148,LOTUS SPREAD CONUT.,1.0,0.0
Person_0148,NO SPREAD,1.0,0.0
Person_0148,NUTELLA SAUCE . (R),1.0,0.0
Person_0148,REGULAR.,1.0,0.0
Person_0148,REGULAR.,1.0,0.0
Person_0148,REGULAR.,1.0,0.0
Person_0148,REGULAR.,1.0,0.0
Person_0148,REGULAR.,1.0,0.0
Person_0148,REGULAR.,1.0,0.0
Person_0148,REGULAR.,1.0,0.0
Person_0148,REGULAR.,1.0,0.0
Person_0148,REGULAR.,1.0,0.0
Person_0148,SINGLE ESPRESSO,1.0,
Person_0148,SINGLE ESPRESSO,1.0,
Person_0148,"""  STRAWBERRY",1.0,
Person_0148,"""  STRAWBERRY",1.0,
Person_0148,"""  STRAWBERRY",1.0,
Person_0148,"""  WHITE CHOCOLATE SAUCE",1.0,
Person_0148,WHITE CHOCOLATE SPREAD CONUT.,1.0,0.0
Person_0149,CLASSIC CHIMNEY,1.0,
Person_0149,CLASSIC CHIMNEY,1.0,
Person_0149,DELIVERY CHARGE,1.0,
Person_0149,NUTELLA SPREAD CHIMNEY.,1.0,0.0
Person_0149,PISTACHIO SPREAD CHIMNEY.,1.0,
Person_0149,PRESSED,1.0,0.0
Person_0149,PRESSED,1.0,0.0
Person_0149,STRAWBERRY.,1.0,
Person_0149,STRAWBERRY.,1.0,
Person_0149,STRAWBERRY.,1.0,
Person_0149,STRAWBERRY.,1.0,
Person_0150,ADD ICE CREAM,1.0,
Person_0150,"""  BROWNIES",1.0,
Person_0150,"""  CARAMEL SAUCE",1.0,
Person_0150,CONUT THE ONE,1.0,
Person_0150,CONUT TRIPLE CHOCOLATE,1.0,
Person_0150,DELIVERY CHARGE,1.0,
Person_0150,ICE CREAM ON THE SIDE,1.0,0.0
Person_0150,NUTELLA SAUCE . (R),1.0,0.0
Person_0150,NUTELLA SPREAD CONUT.,1.0,0.0
Person_0150,"""  STRAWBERRY",1.0,
Person_0150,WHITE CHOCOLATE SPREAD CONUT.,1.0,0.0
Person_0151,"""  CARAMEL SAUCE",1.0,
Person_0151,CLASSIC CHIMNEY,1.0,
Person_0151,CONUT THE ONE,1.0,
Person_0151,DELIVERY CHARGE,1.0,
Person_0151,NUTELLA SPREAD CHIMNEY.,1.0,0.0
Person_0151,NUTELLA SPREAD CONUT.,1.0,0.0
Person_0151,PRESSED,1.0,0.0
Person_0151,"""  STRAWBERRY",1.0,
Person_0152,"""  BLUEBERRIES",1.0,
Person_0152,"""  BLUEBERRIES",1.0,
Person_0152,"""  BROWNIES",1.0,
Person_0152,"""  BROWNIES",1.0,
Person_0152,CHIMNEY THE ORIGINAL,1.0,
Person_0152,CONUT BOSTON CHEESECAKE,1.0,
Person_0152,CONUT THE ONE,1.0,
Person_0152,CONUT TRIPLE CHOCOLATE,1.0,
Person_0152,"""  CRUSHED LOTUS",1.0,
Person_0152,DELIVERY CHARGE,1.0,
Person_0152,ICE CREAM ON THE SIDE,1.0,0.0
Person_0152,"""  LOTUS SAUCE",1.0,
Person_0152,LOTUS SPREAD CHIMNEY.,1.0,0.0
Person_0152,LOTUS SPREAD CONUT.,1.0,0.0
Person_0152,NO SPREAD..,1.0,0.0
Person_0152,NUTELLA SAUCE . (R),1.0,0.0
Person_0152,RASPBERRIES (P),1.0,
Person_0152,RASPBERRIES.,1.0,
Person_0152,STRAWBERRIES (R),1.0,
Person_0152,"""  STRAWBERRY",1.0,
Person_0152,WHITE CHOCOLATE SPREAD CONUT.,1.0,0.0
Person_0153,CHIMNEY THE ONE,1.0,
Person_0153,CHIMNEY THE ONE,1.0,
Person_0153,DELIVERY CHARGE,1.0,
Person_0153,NO TOPPINGS,1.0,0.0
Person_0153,NO TOPPINGS,1.0,0.0
Person_0153,NO TOPPINGS,1.0,0.0
Person_0153,NUTELLA SPREAD CHIMNEY.,1.0,0.0
Person_0153,NUTELLA SPREAD CHIMNEY.,1.0,0.0
Person_0153,"""  STRAWBERRY",1.0,
Person_0154,"""  CARAMEL SAUCE",1.0,
Person_0154,"""  CRUSHED LOTUS",1.0,
Person_0154,DELIVERY CHARGE,1.0,
Person_0154,MINI BOSTON CHEESECAKE,1.0,
Person_0154,MINI THE ONE,1.0,
Person_0154,NO SPREAD .,1.0,0.0
Person_0154,NUTELLA SPREAD MINI.,1.0,0.0
Person_0154,STRAWBERRY .(R),1.0,0.0
Person_0154,STRAWBERRY .(R),1.0,0.0
Person_0154,TIRAMISU MINI CONUT,1.0,
Person_0155,"""  CARAMEL SAUCE",1.0,
Person_0155,CONUT THE ONE,1.0,
Person_0155,DELIVERY CHARGE,1.0,
Person_0155,NUTELLA SPREAD CONUT.,1.0,0.0
Person_0155,"""  STRAWBERRY",1.0,
Person_0156,"""  CARAMEL SAUCE",1.0,
Person_0156,"""  CARAMEL SAUCE",-1.0,
Person_0156,CONUT BERRY MIX,-1.0,
Person_0156,CONUT BERRY MIX,1.0,
Person_0156,DELIVERY CHARGE,1.0,
Person_0156,DELIVERY CHARGE,-1.0,
Person_0156,NUTELLA SAUCE . (R),-1.0,0.0
Person_0156,NUTELLA SAUCE . (R),1.0,0.0
Person_0156,NUTELLA SPREAD CONUT.,1.0,0.0
Person_0156,NUTELLA SPREAD CONUT.,-1.0,0.0
Person_0157,BLUEBERRIES.,1.0,
Person_0157,CHIMNEY THE ONE,1.0,
Person_0157,CRUSHED LOTUS.,1.0,
Person_0157,DELIVERY CHARGE,1.0,
Person_0157,LOTUS SAUCE.,1.0,
Person_0157,LOTUS SPREAD CHIMNEY.,1.0,0.0
Person_0157,PISTACHIO SPREAD CHIMNEY,1.0,
Person_0157,"""  STRAWBERRY",1.0,
Person_0157,WHITE CHOCOLATE SAUCE .(R),1.0,0.0
Person_0158,ADD ICE CREAM,1.0,
Person_0158,CLASSIC CHIMNEY,1.0,
Person_0158,DELIVERY CHARGE,1.0,
Person_0158,ICE CREAM ON THE SIDE,1.0,0.0
Person_0158,NUTELLA SPREAD CHIMNEY.,1.0,0.0
Person_0158,PRESSED,1.0,0.0
Person_0159,ADD ICE CREAM,1.0,
Person_0159,ADD ICE CREAM,1.0,
Person_0159,ADD ICE CREAM,1.0,
Person_0159,CLASSIC CHIMNEY,1.0,
Person_0159,CLASSIC CHIMNEY,1.0,
Person_0159,CLASSIC CHIMNEY,1.0,
Person_0159,DELIVERY CHARGE,1.0,
Person_0159,ICE CREAM ON THE SIDE,1.0,0.0
Person_0159,ICE CREAM ON THE SIDE,1.0,0.0
Person_0159,ICE CREAM ON THE SIDE,1.0,0.0
Person_0159,NO CINNAMON,1.0,0.0
Person_0159,NUTELLA SPREAD CHIMNEY.,1.0,0.0
Person_0159,NUTELLA SPREAD CHIMNEY.,1.0,0.0
Person_0159,NUTELLA SPREAD CHIMNEY.,1.0,0.0
Person_0159,PRESSED,1.0,0.0
Person_0159,PRESSED,1.0,0.0
Person_0159,PRESSED,1.0,0.0
Person_0160,BOSTON CHEESECAKE MINI,1.0,0.0
Person_0160,DELIVERY CHARGE,1.0,
Person_0160,PISTACHIO MINI,1.0,0.0
Person_0160,THE ONE MINI,1.0,0.0
Person_0160,THE SHARING BOX.,1.0,
Person_0160,TRIPLE CHOCOLATE MINI,1.0,0.0
Person_0161,BROWNIES . (R),1.0,0.0
Person_0161,CHIMNEY THE ORIGINAL,1.0,
Person_0161,CHIMNEY THE ORIGINAL,1.0,
Person_0161,CHIMNEY THE ORIGINAL,1.0,
Person_0161,DELIVERY CHARGE,1.0,
Person_0161,DELIVERY CHARGE,1.0,
Person_0161,ICE CREAM ON THE SIDE,1.0,0.0
Person_0161,ICE CREAM ON THE SIDE,1.0,0.0
Person_0161,ICE CREAM ON THE SIDE,1.0,0.0
Person_0161,"""  NUTELLA SAUCE",1.0,
Person_0161,"""  NUTELLA SAUCE",1.0,
Person_0161,"""  NUTELLA SAUCE",1.0,
Person_0161,NUTELLA SPREAD CHIMNEY.,1.0,0.0
Person_0161,NUTELLA SPREAD CHIMNEY.,1.0,0.0
Person_0161,NUTELLA SPREAD CHIMNEY.,1.0,0.0
Person_0161,"""  RASPBERRIES",1.0,
Person_0161,"""  RASPBERRIES",1.0,
Person_0162,CLASSIC CHIMNEY,1.0,
Person_0162,CLASSIC CHIMNEY,1.0,
Person_0162,CLASSIC CHIMNEY,1.0,
Person_0162,CLASSIC CHIMNEY,1.0,
Person_0162,CLASSIC CHIMNEY,1.0,
Person_0162,DELIVERY CHARGE,1.0,
Person_0162,NO SPREAD,1.0,0.0
Person_0162,NUTELLA SPREAD CHIMNEY.,1.0,0.0
Person_0162,NUTELLA SPREAD CHIMNEY.,1.0,0.0
Person_0162,NUTELLA SPREAD CHIMNEY.,1.0,0.0
Person_0162,NUTELLA SPREAD CHIMNEY.,1.0,0.0
Person_0162,PRESSED,1.0,0.0
Person_0162,PRESSED,1.0,0.0
Person_0162,PRESSED,1.0,0.0
Person_0162,REGULAR,1.0,0.0
Person_0162,REGULAR,1.0,0.0
Person_0163,BROWNIES . (R),1.0,0.0
Person_0163,CHIMNEY THE ORIGINAL,1.0,
Person_0163,CLASSIC CHIMNEY,1.0,
Person_0163,DELIVERY CHARGE,1.0,
Person_0163,ICE CREAM ON THE SIDE,1.0,0.0
Person_0163,"""  NUTELLA SAUCE",1.0,
Person_0163,NUTELLA SPREAD CHIMNEY.,1.0,0.0
Person_0163,NUTELLA SPREAD CHIMNEY.,1.0,0.0
Person_0163,PRESSED,1.0,0.0
Person_0163,STRAWBERRY.,1.0,
Person_0164,CHIMNEY THE ONE,1.0,
Person_0164,DELIVERY CHARGE,1.0,
Person_0164,"""  LOTUS SAUCE",1.0,
Person_0164,NO SPREAD,1.0,0.0
Person_0164,"""  STRAWBERRY",1.0,
Person_0165,"""  CARAMEL SAUCE",1.0,
Person_0165,"""  CARAMEL SAUCE",1.0,
Person_0165,"""  CARAMEL SAUCE",1.0,
Person_0165,CHIMNEY THE ONE,1.0,
Person_0165,CHIMNEY THE ONE,1.0,
Person_0165,DELIVERY CHARGE,1.0,
Person_0165,NUTELLA SPREAD CHIMNEY.,1.0,0.0
Person_0165,NUTELLA SPREAD CHIMNEY.,1.0,0.0
Person_0165,"""  STRAWBERRY",1.0,
Person_0166,BOSTON CHEESECAKE MINI,1.0,0.0
Person_0166,DELIVERY CHARGE,1.0,
Person_0166,PISTACHIO MINI,1.0,0.0
Person_0166,THE ONE MINI,1.0,0.0
Person_0166,THE SHARING BOX.,1.0,
Person_0166,TRIPLE CHOCOLATE MINI,1.0,0.0
Person_0167,CHIMNEY PISTACHIO,1.0,
Person_0167,CLASSIC CHIMNEY,1.0,
Person_0167,DELIVERY CHARGE,1.0,
Person_0167,DELIVERY CHARGE,1.0,
Person_0167,"""  NO SPREAD",1.0,
Person_0167,NUTELLA SPREAD CHIMNEY.,1.0,0.0
Person_0167,PISTACHIO SAUCE.,1.0,
Person_0167,PISTACHIO SAUCE.,1.0,
Person_0167,PRESSED,1.0,0.0
Person_0167,"""  STRAWBERRY",1.0,
Person_0167,"""  STRAWBERRY",1.0,
Person_0167,STRAWBERRY.,1.0,
Person_0168,BROWNIES . (R),1.0,0.0
Person_0168,CHIMNEY THE ORIGINAL,1.0,
Person_0168,CHIMNEY THE ORIGINAL,1.0,
Person_0168,DELIVERY CHARGE,1.0,
Person_0168,ICE CREAM ON THE SIDE,1.0,0.0
Person_0168,ICE CREAM ON THE SIDE,1.0,0.0
Person_0168,LOTUS SPREAD CHIMNEY.,1.0,0.0
Person_0168,"""  NUTELLA SAUCE",1.0,
Person_0168,NUTELLA SPREAD CHIMNEY.,1.0,0.0
Person_0168,"""  STRAWBERRY",1.0,
Person_0168,WHITE CHOCOLATE SAUCE .(R),1.0,0.0
Person_0169,ADD ICE CREAM,1.0,
Person_0169,ADD ICE CREAM,1.0,
Person_0169,ADD ICE CREAM,1.0,
Person_0169,ADD ICE CREAM,1.0,
Person_0169,"""  BLUEBERRIES",1.0,
Person_0169,"""  BLUEBERRIES",1.0,
Person_0169,BROWNIES . (R),1.0,0.0
Person_0169,BROWNIES . (R),1.0,0.0
Person_0169,CHIMNEY THE ONE,1.0,
Person_0169,CHIMNEY THE ONE,1.0,
Person_0169,CHIMNEY TRIPLE CHOCOLATE,1.0,
Person_0169,CHIMNEY TRIPLE CHOCOLATE,1.0,
Person_0169,DELIVERY CHARGE,1.0,
Person_0169,ICE CREAM ON THE SIDE,1.0,0.0
Person_0169,ICE CREAM ON THE SIDE,1.0,0.0
Person_0169,ICE CREAM ON THE SIDE,1.0,0.0
Person_0169,ICE CREAM ON THE SIDE,1.0,0.0
Person_0169,"""  NUTELLA SAUCE",1.0,
Person_0169,"""  NUTELLA SAUCE",1.0,
Person_0169,NUTELLA SPREAD CHIMNEY.,1.0,0.0
Person_0169,NUTELLA SPREAD CHIMNEY.,1.0,0.0
Person_0169,"""  STRAWBERRY",1.0,
Person_0169,"""  STRAWBERRY",1.0,
Person_0169,WHITE CHOCOLATE SPREAD CHIMNEY.,1.0,0.0
Person_0169,WHITE CHOCOLATE SPREAD CHIMNEY.,1.0,0.0
Person_0170,DELIVERY CHARGE,1.0,
Person_0170,MINI BERRY MIX,1.0,
Person_0170,"""  NUTELLA SAUCE",1.0,
Person_0170,NUTELLA SPREAD MINI.,1.0,0.0
Person_0170,WHIPPED CREAM  .,1.0,0.0
Person_0171,ADD ICE CREAM,1.0,
Person_0171,ADD ICE CREAM,1.0,
Person_0171,BROWNIES . (R),1.0,0.0
Person_0171,CHIMNEY THE ONE,1.0,
Person_0171,CHIMNEY TRIPLE CHOCOLATE,1.0,
Person_0171,DELIVERY CHARGE,1.0,
Person_0171,ICE CREAM ON THE SIDE,1.0,0.0
Person_0171,ICE CREAM ON THE SIDE,1.0,0.0
Person_0171,"""  NUTELLA SAUCE",1.0,
Person_0171,"""  NUTELLA SAUCE",1.0,
Person_0171,NUTELLA SPREAD CHIMNEY.,1.0,0.0
Person_0171,"""  STRAWBERRY",1.0,
Person_0171,STRAWBERRY.,1.0,
Person_0171,WHITE CHOCOLATE SPREAD CHIMNEY.,1.0,0.0
Person_0172,CHIMNEY BERRY MIX,1.0,
Person_0172,CLASSIC CHIMNEY,1.0,
Person_0172,DELIVERY CHARGE,1.0,
Person_0172,"""  NUTELLA SAUCE",1.0,
Person_0172,NUTELLA SPREAD CHIMNEY.,1.0,0.0
Person_0172,NUTELLA SPREAD CHIMNEY.,1.0,0.0
Person_0172,REGULAR,1.0,0.0
Person_0172,"""  WHIPPED CREAM",1.0,
Person_0173,BROWNIES . (R),1.0,0.0
Person_0173,CHIMNEY THE ONE,1.0,
Person_0173,CLASSIC CHIMNEY,1.0,
Person_0173,CLASSIC CHIMNEY,1.0,
Person_0173,DELIVERY CHARGE,1.0,
Person_0173,NO SPREAD,1.0,0.0
Person_0173,NUTELLA SPREAD CHIMNEY.,1.0,0.0
Person_0173,NUTELLA SPREAD CHIMNEY.,1.0,0.0
Person_0173,PRESSED,1.0,0.0
Person_0173,PRESSED,1.0,0.0
Person_0173,WHITE CHOCOLATE SAUCE .(R),1.0,0.0
Person_0174,BROWNIES . (R),1.0,0.0
Person_0174,BROWNIES . (R),1.0,0.0
Person_0174,CHIMNEY BERRY MIX,1.0,
Person_0174,CHIMNEY THE ORIGINAL,1.0,
Person_0174,CHIMNEY THE ORIGINAL,1.0,
Person_0174,DELIVERY CHARGE,1.0,
Person_0174,ICE CREAM ON THE SIDE,1.0,0.0
Person_0174,ICE CREAM ON THE SIDE,1.0,0.0
Person_0174,"""  NUTELLA SAUCE",1.0,
Person_0174,NUTELLA SPREAD CHIMNEY.,1.0,0.0
Person_0174,NUTELLA SPREAD CHIMNEY.,1.0,0.0
Person_0174,NUTELLA SPREAD CHIMNEY.,1.0,0.0
Person_0174,"""  WHIPPED CREAM",1.0,
Person_0174,WHITE CHOCOLATE SAUCE .(R),1.0,0.0
Person_0174,WHITE CHOCOLATE SAUCE .(R),1.0,0.0
Person_0175,BROWNIES . (R),1.0,0.0
Person_0175,CHIMNEY TRIPLE CHOCOLATE,1.0,
Person_0175,DELIVERY CHARGE,1.0,
Person_0175,"""  NUTELLA SAUCE",1.0,
Person_0175,WHITE CHOCOLATE SPREAD CHIMNEY.,1.0,0.0
Person_0176,"""  CARAMEL SAUCE",1.0,
Person_0176,CONUT THE ONE,1.0,
Person_0176,DELIVERY CHARGE,1.0,
Person_0176,NUTELLA SPREAD CONUT.,1.0,0.0
Person_0176,"""  STRAWBERRY",1.0,
Person_0177,"""  BROWNIES",1.0,
Person_0177,CINNAMON SUGAR RINGS,1.0,
Person_0177,CONUT BOSTON CHEESECAKE,1.0,
Person_0177,CONUT TRIPLE CHOCOLATE,1.0,
Person_0177,"""  CRUSHED LOTUS",1.0,
Person_0177,DELIVERY CHARGE,1.0,
Person_0177,NO SPREAD..,1.0,0.0
Person_0177,NUTELLA SAUCE . (R),1.0,0.0
Person_0177,"""  STRAWBERRY",1.0,
Person_0177,WHITE CHOCOLATE DIP.(R),1.0,0.0
Person_0177,WHITE CHOCOLATE SPREAD CONUT.,1.0,0.0
Person_0178,BROWNIES.,1.0,
Person_0178,CLASSIC CHIMNEY,1.0,
Person_0178,DELIVERY CHARGE,1.0,
Person_0178,NUTELLA SPREAD CHIMNEY.,1.0,0.0
Person_0178,PRESSED,1.0,0.0
Person_0178,STRAWBERRY.,1.0,
Person_0178,WHITE CHOCOLATE SPREAD CHIMNEY,1.0,
Person_0179,BROWNIES . (R),1.0,0.0
Person_0179,CHIMNEY TRIPLE CHOCOLATE,1.0,
Person_0179,DELIVERY CHARGE,1.0,
Person_0179,"""  NUTELLA SAUCE",1.0,
Person_0179,NUTELLA SPREAD CHIMNEY.,1.0,0.0
Person_0180,CINNAMON SUGAR RINGS,1.0,
Person_0180,CINNAMON SUGAR RINGS,1.0,
Person_0180,CINNAMON SUGAR RINGS,1.0,
Person_0180,CLASSIC CHIMNEY,1.0,
Person_0180,CLASSIC CHIMNEY,1.0,
Person_0180,DELIVERY CHARGE,1.0,
Person_0180,LOTUS DIP.(R),1.0,0.0
Person_0180,NUTELLA DIP.(R),1.0,0.0
Person_0180,NUTELLA DIP.(R),1.0,0.0
Person_0180,NUTELLA SPREAD CHIMNEY.,1.0,0.0
Person_0180,NUTELLA SPREAD CHIMNEY.,1.0,0.0
Person_0180,PRESSED,1.0,0.0
Person_0180,PRESSED,1.0,0.0
Person_0181,"""  CARAMEL SAUCE",1.0,
Person_0181,CHIMNEY THE ONE,1.0,
Person_0181,DELIVERY CHARGE,1.0,
Person_0181,NUTELLA SPREAD CHIMNEY.,1.0,0.0
Person_0181,"""  STRAWBERRY",1.0,
Person_0182,BOSTON CHEESECAKE CONUT,1.0,0.0
Person_0182,BOSTON CHEESECAKE CONUT,1.0,0.0
Person_0182,CHIMNEY BERRY MIX,1.0,
Person_0182,CHIMNEY BERRY MIX,1.0,
Person_0182,CONUT COMBO,1.0,
Person_0182,CONUT COMBO,1.0,
Person_0182,CONUT PISTACHIO,1.0,
Person_0182,CONUT PISTACHIO,1.0,
Person_0182,CONUT PISTACHIO,1.0,
Person_0182,CONUT PISTACHIO,1.0,
Person_0182,DELIVERY CHARGE,1.0,
Person_0182,DELIVERY CHARGE,1.0,
Person_0182,DELIVERY CHARGE,1.0,
Person_0182,NO SPREAD..,1.0,0.0
Person_0182,NO SPREAD..,1.0,0.0
Person_0182,NO SPREAD..,1.0,0.0
Person_0182,NO SPREAD..,1.0,0.0
Person_0182,"""  NUTELLA SAUCE",1.0,
Person_0182,"""  NUTELLA SAUCE",1.0,
Person_0182,NUTELLA SPREAD CHIMNEY.,1.0,0.0
Person_0182,NUTELLA SPREAD CHIMNEY.,1.0,0.0
Person_0182,PISTACHIO CONUT,1.0,0.0
Person_0182,PISTACHIO CONUT,1.0,0.0
Person_0182,PISTACHIO TOPPING,1.0,0.0
Person_0182,PISTACHIO TOPPING,1.0,0.0
Person_0182,PISTACHIO TOPPING,1.0,0.0
Person_0182,PISTACHIO TOPPING,1.0,0.0
Person_0182,"""  STRAWBERRY",1.0,
Person_0182,"""  STRAWBERRY",1.0,
Person_0182,"""  STRAWBERRY",1.0,
Person_0182,"""  STRAWBERRY",1.0,
Person_0182,THE ONE CONUT,1.0,0.0
Person_0182,THE ONE CONUT,1.0,0.0
Person_0182,TRIPLE CHOCOLATE CONUT,1.0,0.0
Person_0182,TRIPLE CHOCOLATE CONUT,1.0,0.0
Person_0182,"""  WHIPPED CREAM",1.0,
Person_0182,"""  WHIPPED CREAM",1.0,
Person_0183,BROWNIES . (R),1.0,0.0
Person_0183,BROWNIES . (R),1.0,0.0
Person_0183,CHIMNEY THE ONE,1.0,
Person_0183,CLASSIC CHIMNEY,1.0,
Person_0183,CRUSHED LOTUS.,1.0,
Person_0183,DELIVERY CHARGE,1.0,
Person_0183,LOTUS SPREAD CHIMNEY.,1.0,0.0
Person_0183,NUTELLA SPREAD CHIMNEY.,1.0,0.0
Person_0183,PRESSED,1.0,0.0
Person_0184,"""  CARAMEL SAUCE",1.0,
Person_0184,CHIMNEY PISTACHIO,1.0,
Person_0184,CONUT THE ONE,1.0,
Person_0184,DELIVERY CHARGE,1.0,
Person_0184,"""  NO SPREAD",1.0,
Person_0184,NUTELLA SPREAD CONUT.,1.0,0.0
Person_0184,"""  STRAWBERRY",1.0,
Person_0184,"""  STRAWBERRY",1.0,
Person_0184,"""  STRAWBERRY",1.0,
Person_0185,BROWNIES . (R),1.0,0.0
Person_0185,"""  CARAMEL SAUCE",1.0,
Person_0185,CHIMNEY THE ORIGINAL,1.0,
Person_0185,CONUT THE ONE,1.0,
Person_0185,DELIVERY CHARGE,1.0,
Person_0185,ICE CREAM ON THE SIDE,1.0,0.0
Person_0185,NUTELLA SPREAD CHIMNEY.,1.0,0.0
Person_0185,NUTELLA SPREAD CONUT.,1.0,0.0
Person_0185,"""  STRAWBERRY",1.0,
Person_0185,WHITE CHOCOLATE SAUCE .(R),1.0,0.0
Person_0186,"""  BROWNIES",1.0,
Person_0186,BROWNIES . (R),1.0,0.0
Person_0186,CHIMNEY THE ONE,1.0,
Person_0186,CONUT BOSTON CHEESECAKE,1.0,
Person_0186,CONUT TRIPLE CHOCOLATE,1.0,
Person_0186,"""  CRUSHED LOTUS",1.0,
Person_0186,DELIVERY CHARGE,1.0,
Person_0186,NO SPREAD..,1.0,0.0
Person_0186,NUTELLA SAUCE . (R),1.0,0.0
Person_0186,NUTELLA SPREAD CHIMNEY.,1.0,0.0
Person_0186,"""  STRAWBERRY",1.0,
Person_0186,"""  STRAWBERRY",1.0,
Person_0186,WHITE CHOCOLATE SPREAD CONUT.,1.0,0.0
Person_0187,BROWNIES . (R),1.0,0.0
Person_0187,CHIMNEY THE ORIGINAL,1.0,
Person_0187,CLASSIC CHIMNEY,1.0,
Person_0187,DELIVERY CHARGE,1.0,
Person_0187,ICE CREAM ON THE SIDE,1.0,0.0
Person_0187,LOTUS SPREAD CHIMNEY,1.0,
Person_0187,"""  NUTELLA SAUCE",1.0,
Person_0187,NUTELLA SPREAD CHIMNEY.,1.0,0.0
Person_0187,NUTELLA SPREAD CHIMNEY.,1.0,0.0
Person_0187,PRESSED,1.0,0.0
Person_0187,STRAWBERRY.,1.0,
Person_0188,CHIMNEY THE ONE,1.0,
Person_0188,DELIVERY CHARGE,1.0,
Person_0188,"""  LOTUS SAUCE",1.0,
Person_0188,NUTELLA SPREAD CHIMNEY.,1.0,0.0
Person_0188,"""  STRAWBERRY",1.0,
Person_0189,"""  CARAMEL SAUCE",1.0,
Person_0189,"""  CARAMEL SAUCE",1.0,
Person_0189,"""  CARAMEL SAUCE",1.0,
Person_0189,"""  CARAMEL SAUCE",-1.0,
Person_0189,CONUT THE ONE,-1.0,
Person_0189,CONUT THE ONE,1.0,
Person_0189,CONUT THE ONE,1.0,
Person_0189,CONUT THE ONE,1.0,
Person_0189,DELIVERY CHARGE,1.0,
Person_0189,DELIVERY CHARGE,1.0,
Person_0189,DELIVERY CHARGE,-1.0,
Person_0189,NUTELLA SPREAD CONUT.,-1.0,0.0
Person_0189,NUTELLA SPREAD CONUT.,1.0,0.0
Person_0189,NUTELLA SPREAD CONUT.,1.0,0.0
Person_0189,NUTELLA SPREAD CONUT.,1.0,0.0
Person_0189,"""  STRAWBERRY",1.0,
Person_0189,"""  STRAWBERRY",1.0,
Person_0189,"""  STRAWBERRY",1.0,
Person_0189,"""  STRAWBERRY",-1.0,
Person_0190,"""  CARAMEL SAUCE",1.0,
Person_0190,CONUT THE ONE,1.0,
Person_0190,DELIVERY CHARGE,1.0,
Person_0190,NUTELLA SPREAD CONUT.,1.0,0.0
Person_0190,"""  STRAWBERRY",1.0,
Person_0191,ADD ICE CREAM,1.0,
Person_0191,ADD ICE CREAM,1.0,
Person_0191,ADD ICE CREAM,-1.0,
Person_0191,"""  BROWNIES",1.0,
Person_0191,BROWNIES . (R),1.0,0.0
Person_0191,BROWNIES . (R),1.0,0.0
Person_0191,BROWNIES . (R),1.0,0.0
Person_0191,BROWNIES . (R),-1.0,0.0
Person_0191,BROWNIES . (R),-1.0,0.0
Person_0191,"""  CARAMEL SAUCE",1.0,
Person_0191,"""  CARAMEL SAUCE",1.0,
Person_0191,"""  CARAMEL SAUCE",-1.0,
Person_0191,CHIMNEY THE ONE,-1.0,
Person_0191,CHIMNEY THE ONE,-1.0,
Person_0191,CHIMNEY THE ONE,-1.0,
Person_0191,CHIMNEY THE ONE,1.0,
Person_0191,CHIMNEY THE ONE,1.0,
Person_0191,CHIMNEY THE ONE,1.0,
Person_0191,CHIMNEY THE ORIGINAL,1.0,
Person_0191,CHIMNEY THE ORIGINAL,1.0,
Person_0191,CHIMNEY THE ORIGINAL,-1.0,
Person_0191,CONUT THE ONE,1.0,
Person_0191,CONUT THE ONE,1.0,
Person_0191,CONUT THE ONE,1.0,
Person_0191,DELIVERY CHARGE,1.0,
Person_0191,DELIVERY CHARGE,1.0,
Person_0191,DELIVERY CHARGE,-1.0,
Person_0191,ICE CREAM ON THE SIDE,-1.0,0.0
Person_0191,ICE CREAM ON THE SIDE,-1.0,0.0
Person_0191,ICE CREAM ON THE SIDE,1.0,0.0
Person_0191,ICE CREAM ON THE SIDE,1.0,0.0
Person_0191,ICE CREAM ON THE SIDE,1.0,0.0
Person_0191,ICE CREAM ON THE SIDE,1.0,0.0
Person_0191,NUTELLA SAUCE . (R),1.0,0.0
Person_0191,NUTELLA SAUCE . (R),1.0,0.0
Person_0191,"""  NUTELLA SAUCE",1.0,
Person_0191,"""  NUTELLA SAUCE",1.0,
Person_0191,"""  NUTELLA SAUCE",1.0,
Person_0191,"""  NUTELLA SAUCE",1.0,
Person_0191,"""  NUTELLA SAUCE",-1.0,
Person_0191,"""  NUTELLA SAUCE",-1.0,
Person_0191,"""  NUTELLA SAUCE",-1.0,
Person_0191,NUTELLA SPREAD CHIMNEY.,-1.0,0.0
Person_0191,NUTELLA SPREAD CHIMNEY.,-1.0,0.0
Person_0191,NUTELLA SPREAD CHIMNEY.,-1.0,0.0
Person_0191,NUTELLA SPREAD CHIMNEY.,-1.0,0.0
Person_0191,NUTELLA SPREAD CHIMNEY.,1.0,0.0
Person_0191,NUTELLA SPREAD CHIMNEY.,1.0,0.0
Person_0191,NUTELLA SPREAD CHIMNEY.,1.0,0.0
Person_0191,NUTELLA SPREAD CHIMNEY.,1.0,0.0
Person_0191,NUTELLA SPREAD CHIMNEY.,1.0,0.0
Person_0191,NUTELLA SPREAD CONUT.,1.0,0.0
Person_0191,NUTELLA SPREAD CONUT.,1.0,0.0
Person_0191,NUTELLA SPREAD CONUT.,1.0,0.0
Person_0191,STRAWBERRIES (R),1.0,
Person_0191,"""  STRAWBERRY",1.0,
Person_0191,"""  STRAWBERRY",1.0,
Person_0191,"""  STRAWBERRY",1.0,
Person_0191,"""  STRAWBERRY",1.0,
Person_0191,"""  STRAWBERRY",-1.0,
Person_0191,"""  STRAWBERRY",-1.0,
Person_0191,STRAWBERRY.,-1.0,
Person_0191,STRAWBERRY.,1.0,
Person_0192,BOSTON CHEESECAKE MINI,1.0,0.0
Person_0192,CLASSIC CHIMNEY,1.0,
Person_0192,DELIVERY CHARGE,1.0,
Person_0192,PISTACHIO MINI,1.0,0.0
Person_0192,PRESSED,1.0,0.0
Person_0192,STRAWBERRY.,1.0,
Person_0192,THE ONE MINI,1.0,0.0
Person_0192,THE SHARING BOX.,1.0,
Person_0192,TRIPLE CHOCOLATE MINI,1.0,0.0
Person_0192,WHITE CHOCOLATE SPREAD CHIMNEY.,1.0,0.0
Person_0193,"""  BLUEBERRIES",1.0,
Person_0193,"""  BLUEBERRIES",1.0,
Person_0193,CHIMNEY THE ONE,1.0,
Person_0193,CLASSIC CHIMNEY,1.0,
Person_0193,DELIVERY CHARGE,1.0,
Person_0193,LOTUS SPREAD CHIMNEY.,1.0,0.0
Person_0193,NO SPREAD,1.0,0.0
Person_0193,PRESSED,1.0,0.0
Person_0194,CHIMNEY THE ONE,1.0,
Person_0194,CHIMNEY THE ONE,1.0,
Person_0194,CHIMNEY THE ONE,1.0,
Person_0194,DELIVERY CHARGE,1.0,
Person_0194,DELIVERY CHARGE,1.0,
Person_0194,DELIVERY CHARGE,1.0,
Person_0194,LOTUS SAUCE.,1.0,
Person_0194,"""  NUTELLA SAUCE",1.0,
Person_0194,"""  NUTELLA SAUCE",1.0,
Person_0194,"""  NUTELLA SAUCE",1.0,
Person_0194,NUTELLA SPREAD CHIMNEY.,1.0,0.0
Person_0194,NUTELLA SPREAD CHIMNEY.,1.0,0.0
Person_0194,NUTELLA SPREAD CHIMNEY.,1.0,0.0
Person_0194,"""  PISTACHIO SAUCE",1.0,
Person_0194,"""  PISTACHIO SAUCE",1.0,
Person_0194,"""  STRAWBERRY",1.0,
Person_0195,"""  BROWNIES",1.0,
Person_0195,"""  CARAMEL SAUCE",1.0,
Person_0195,CHIMNEY THE ONE,1.0,
Person_0195,CONUT TRIPLE CHOCOLATE,1.0,
Person_0195,DELIVERY CHARGE,1.0,
Person_0195,NUTELLA SAUCE . (R),1.0,0.0
Person_0195,"""  STRAWBERRY",1.0,
Person_0195,WHITE CHOCOLATE SPREAD CHIMNEY.,1.0,0.0
Person_0195,WHITE CHOCOLATE SPREAD CONUT.,1.0,0.0
Person_0196,[CHOCOLATE DRESSING],1.0,0.0
Person_0196,"""  CARAMEL SAUCE",1.0,
Person_0196,"""  CARAMEL SAUCE",1.0,
Person_0196,"""  CARAMEL SAUCE",1.0,
Person_0196,"""  CARAMEL SAUCE",1.0,
Person_0196,CHIMNEY BOSTON CHEESECAKE,1.0,
Person_0196,CHIMNEY PISTACHIO,1.0,
Person_0196,CHIMNEY THE ONE,1.0,
Person_0196,CHIMNEY THE ONE,1.0,
Person_0196,CHIMNEY THE ONE,1.0,
Person_0196,CHIMNEY THE ONE,1.0,
Person_0196,CLASSIC CHIMNEY,1.0,
Person_0196,CONUT PISTACHIO,1.0,
Person_0196,CRUSHED LOTUS .(R),1.0,0.0
Person_0196,DELIVERY CHARGE,1.0,
Person_0196,DELIVERY CHARGE,1.0,
Person_0196,FULL FAT MILK,1.0,0.0
Person_0196,HOT CHOCOLATE COMBO,1.0,
Person_0196,HOT CHOCOLATE COMBO,1.0,
Person_0196,HOT CHOCOLATE COMBO,1.0,
Person_0196,NO SPREAD,1.0,0.0
Person_0196,"""  NO SPREAD",1.0,
Person_0196,"""  NO SPREAD",1.0,
Person_0196,NO SPREAD..,1.0,0.0
Person_0196,NUTELLA SPREAD CHIMNEY.,1.0,0.0
Person_0196,NUTELLA SPREAD CHIMNEY.,1.0,0.0
Person_0196,NUTELLA SPREAD CHIMNEY.,1.0,0.0
Person_0196,NUTELLA SPREAD CHIMNEY.,1.0,0.0
Person_0196,OREO MILKSHAKE,1.0,
Person_0196,PISTACHIO TOPPING,1.0,0.0
Person_0196,REGULAR,1.0,0.0
Person_0196,"""  STRAWBERRY",1.0,
Person_0196,"""  STRAWBERRY",1.0,
Person_0196,"""  STRAWBERRY",1.0,
Person_0196,"""  STRAWBERRY",1.0,
Person_0196,"""  STRAWBERRY",1.0,
Person_0196,"""  STRAWBERRY",1.0,
Person_0196,"""  STRAWBERRY",1.0,
Person_0196,"""  STRAWBERRY",1.0,
Person_0196,TIRAMISU CHIMNEY,1.0,
Person_0196,TIRAMISU CHIMNEY,1.0,
Person_0196,WHIPPED CREAM...,1.0,0.0
Person_0197,"""  BROWNIES",1.0,
Person_0197,DELIVERY CHARGE,1.0,
Person_0197,MINI BERRY MIX,1.0,
Person_0197,MINI TRIPLE CHOCOLATE,1.0,
Person_0197,"""  NUTELLA SAUCE",1.0,
Person_0197,"""  NUTELLA SAUCE",1.0,
Person_0197,NUTELLA SPREAD MINI.,1.0,0.0
Person_0197,WHIPPED CREAM  .,1.0,0.0
Person_0197,WHITE CHOCOLATE SPREAD MINI.,1.0,0.0
Person_0198,[NO DRESSING],1.0,0.0
Person_0198,CARAMEL FRAPPE,1.0,
Person_0198,"""  CARAMEL SAUCE",1.0,
Person_0198,CHIMNEY THE ONE,1.0,
Person_0198,DELIVERY CHARGE,1.0,
Person_0198,FULL FAT MILK,1.0,0.0
Person_0198,NO WHIPPED CREAM,1.0,0.0
Person_0198,"""  NUTELLA SAUCE",1.0,
Person_0198,NUTELLA SPREAD CHIMNEY.,1.0,0.0
Person_0198,REGULAR.,1.0,0.0
Person_0199,"""  BROWNIES",1.0,
Person_0199,"""  CARAMEL SAUCE",1.0,
Person_0199,CHIMNEY BOSTON CHEESECAKE,1.0,
Person_0199,CHIMNEY THE ONE,1.0,
Person_0199,CRUSHED LOTUS .(R),1.0,0.0
Person_0199,DELIVERY CHARGE,1.0,
Person_0199,MINI TRIPLE CHOCOLATE,1.0,
Person_0199,"""  NO SPREAD",1.0,
Person_0199,"""  NUTELLA SAUCE",1.0,
Person_0199,NUTELLA SPREAD CHIMNEY.,1.0,0.0
Person_0199,"""  STRAWBERRY",1.0,
Person_0199,"""  STRAWBERRY",1.0,
Person_0199,WHITE CHOCOLATE SPREAD MINI.,1.0,0.0
Person_0200,[CARAMEL DRESSING],1.0,0.0
Person_0200,[CARAMEL DRESSING],1.0,0.0
Person_0200,CARAMEL FRAPPE,1.0,
Person_0200,CARAMEL FRAPPE,1.0,
Person_0200,"""  CARAMEL SAUCE",1.0,
Person_0200,CHIMNEY BERRY MIX,1.0,
Person_0200,CHIMNEY THE ONE,1.0,
Person_0200,DELIVERY CHARGE,1.0,
Person_0200,FULL FAT MILK,1.0,0.0
Person_0200,FULL FAT MILK,1.0,0.0
Person_0200,NO SPREAD,1.0,0.0
Person_0200,"""  NUTELLA SAUCE",1.0,
Person_0200,NUTELLA SPREAD CHIMNEY.,1.0,0.0
Person_0200,REGULAR.,1.0,0.0
Person_0200,REGULAR.,1.0,0.0
Person_0200,"""  STRAWBERRY",1.0,
Person_0200,"""  WHIPPED CREAM",1.0,
Person_0200,WHIPPED CREAM...,1.0,0.0
Person_0200,WHIPPED CREAM...,1.0,0.0
Person_0201,BOSTON CHEESECAKE CONUT,1.0,0.0
Person_0201,BOSTON CHEESECAKE CONUT,1.0,0.0
Person_0201,CONUT COMBO,1.0,
Person_0201,CONUT COMBO,1.0,
Person_0201,DELIVERY CHARGE,1.0,
Person_0201,PISTACHIO CONUT,1.0,0.0
Person_0201,PISTACHIO CONUT,1.0,0.0
Person_0201,THE ONE CONUT,1.0,0.0
Person_0201,THE ONE CONUT,1.0,0.0
Person_0201,TRIPLE CHOCOLATE CONUT,1.0,0.0
Person_0201,TRIPLE CHOCOLATE CONUT,1.0,0.0
Person_0202,DELIVERY CHARGE,1.0,
Person_0202,DELIVERY CHARGE,-1.0,
Person_0202,SEND CUTLERY,-1.0,0.0
Person_0202,SEND CUTLERY,1.0,0.0
Person_0203,BROWNIES . (R),1.0,0.0
Person_0203,BROWNIES . (R),1.0,0.0
Person_0203,BROWNIES . (R),1.0,0.0
Person_0203,"""  CARAMEL SAUCE",1.0,
Person_0203,CHIMNEY THE ONE,1.0,
Person_0203,CHIMNEY THE ORIGINAL,1.0,
Person_0203,CHIMNEY TRIPLE CHOCOLATE,1.0,
Person_0203,CHIMNEY TRIPLE CHOCOLATE,1.0,
Person_0203,DELIVERY CHARGE,1.0,
Person_0203,ICE CREAM ON THE SIDE,1.0,0.0
Person_0203,"""  NUTELLA SAUCE",1.0,
Person_0203,"""  NUTELLA SAUCE",1.0,
Person_0203,"""  NUTELLA SAUCE",1.0,
Person_0203,NUTELLA SPREAD CHIMNEY.,1.0,0.0
Person_0203,NUTELLA SPREAD CHIMNEY.,1.0,0.0
Person_0203,NUTELLA SPREAD CHIMNEY.,1.0,0.0
Person_0203,NUTELLA SPREAD CHIMNEY.,1.0,0.0
Person_0203,"""  STRAWBERRY",1.0,
Person_0204,BROWNIES . (R),1.0,0.0
Person_0204,CHIMNEY THE ONE,1.0,
Person_0204,DELIVERY CHARGE,1.0,
Person_0204,LOTUS SPREAD CHIMNEY,1.0,
Person_0204,"""  NUTELLA SAUCE",1.0,
Person_0204,NUTELLA SPREAD CHIMNEY.,1.0,0.0
Person_0205,"""  CARAMEL SAUCE",1.0,
Person_0205,CHIMNEY THE ONE,1.0,
Person_0205,DELIVERY CHARGE,1.0,
Person_0205,NUTELLA SPREAD CHIMNEY.,1.0,0.0
Person_0205,"""  STRAWBERRY",1.0,
Person_0206,BOSTON CHEESECAKE MINI,1.0,0.0
Person_0206,BROWNIES . (R),1.0,0.0
Person_0206,CHIMNEY PISTACHIO,1.0,
Person_0206,CHIMNEY THE ONE,1.0,
Person_0206,CHIMNEY THE ONE,1.0,
Person_0206,CHIMNEY TRIPLE CHOCOLATE,1.0,
Person_0206,CONUT THE ONE,1.0,
Person_0206,DELIVERY CHARGE,1.0,
Person_0206,DELIVERY CHARGE,1.0,
Person_0206,"""  NO SPREAD",1.0,
Person_0206,NO TOPPINGS,1.0,0.0
Person_0206,NO TOPPINGS.,1.0,0.0
Person_0206,"""  NUTELLA SAUCE",1.0,
Person_0206,NUTELLA SPREAD CHIMNEY.,1.0,0.0
Person_0206,NUTELLA SPREAD CHIMNEY.,1.0,0.0
Person_0206,NUTELLA SPREAD CONUT.,1.0,0.0
Person_0206,PISTACHIO MINI,1.0,0.0
Person_0206,"""  STRAWBERRY",1.0,
Person_0206,"""  STRAWBERRY",1.0,
Person_0206,"""  STRAWBERRY",1.0,
Person_0206,"""  STRAWBERRY",1.0,
Person_0206,"""  STRAWBERRY",1.0,
Person_0206,"""  STRAWBERRY",1.0,
Person_0206,THE ONE MINI,1.0,0.0
Person_0206,THE SHARING BOX.,1.0,
Person_0206,TRIPLE CHOCOLATE MINI,1.0,0.0
Person_0206,WHITE CHOCOLATE SPREAD CHIMNEY.,1.0,0.0
Person_0207,"""  CARAMEL SAUCE",1.0,
Person_0207,"""  CARAMEL SAUCE",1.0,
Person_0207,CONUT THE ONE,1.0,
Person_0207,CONUT THE ONE,1.0,
Person_0207,DELIVERY CHARGE,1.0,
Person_0207,NUTELLA SPREAD CONUT.,1.0,0.0
Person_0207,NUTELLA SPREAD CONUT.,1.0,0.0
Person_0207,"""  STRAWBERRY",1.0,
Person_0207,"""  STRAWBERRY",1.0,
Person_0208,CLASSIC CHIMNEY,1.0,
Person_0208,DELIVERY CHARGE,1.0,
Person_0208,NUTELLA SPREAD CHIMNEY.,1.0,0.0
Person_0208,PRESSED,1.0,0.0
Person_0208,STRAWBERRY.,1.0,
Person_0209,"""  CARAMEL SAUCE",1.0,
Person_0209,CHIMNEY THE ONE,1.0,
Person_0209,CONUT BOSTON CHEESECAKE,1.0,
Person_0209,CONUT PISTACHIO,1.0,
Person_0209,"""  CRUSHED LOTUS",1.0,
Person_0209,DELIVERY CHARGE,1.0,
Person_0209,NO SPREAD..,1.0,0.0
Person_0209,NO SPREAD..,1.0,0.0
Person_0209,NUTELLA SPREAD CHIMNEY.,1.0,0.0
Person_0209,PISTACHIO TOPPING,1.0,0.0
Person_0209,"""  STRAWBERRY",1.0,
Person_0209,"""  STRAWBERRY",1.0,
Person_0209,"""  STRAWBERRY",1.0,
Person_0210,"""  CARAMEL SAUCE",1.0,
Person_0210,CHIMNEY THE ONE,1.0,
Person_0210,DELIVERY CHARGE,1.0,
Person_0210,NUTELLA SPREAD CHIMNEY.,1.0,0.0
Person_0210,"""  STRAWBERRY",1.0,
Person_0211,CLASSIC CHIMNEY,1.0,
Person_0211,CLASSIC CHIMNEY,1.0,
Person_0211,DELIVERY CHARGE,1.0,
Person_0211,NO SPREAD,1.0,0.0
Person_0211,NO SPREAD,1.0,0.0
Person_0211,REGULAR,1.0,0.0
Person_0211,REGULAR,1.0,0.0
Person_0212,BOSTON CHEESECAKE MINI,1.0,0.0
Person_0212,CONUT BITES,1.0,
Person_0212,DELIVERY CHARGE,1.0,
Person_0212,PISTACHIO DIP.(P),1.0,
Person_0212,PISTACHIO MINI,1.0,0.0
Person_0212,THE ONE MINI,1.0,0.0
Person_0212,THE SHARING BOX.,1.0,
Person_0212,TRIPLE CHOCOLATE MINI,1.0,0.0
Person_0213,"""  CARAMEL SAUCE",1.0,
Person_0213,"""  CARAMEL SAUCE",1.0,
Person_0213,CHIMNEY BERRY MIX,1.0,
Person_0213,CHIMNEY THE ONE,1.0,
Person_0213,CHIMNEY THE ONE,1.0,
Person_0213,DELIVERY CHARGE,1.0,
Person_0213,DELIVERY CHARGE,1.0,
Person_0213,MINI BERRY MIX,1.0,
Person_0213,NO SPREAD,1.0,0.0
Person_0213,"""  NUTELLA SAUCE",1.0,
Person_0213,"""  NUTELLA SAUCE",1.0,
Person_0213,NUTELLA SAUCE.,1.0,
Person_0213,NUTELLA SPREAD CHIMNEY.,1.0,0.0
Person_0213,NUTELLA SPREAD CHIMNEY.,1.0,0.0
Person_0213,NUTELLA SPREAD MINI.,1.0,0.0
Person_0213,"""  STRAWBERRY",1.0,
Person_0213,"""  STRAWBERRY",1.0,
Person_0213,"""  WHIPPED CREAM",1.0,
Person_0213,WHIPPED CREAM  .,1.0,0.0
Person_0214,BOSTON CHEESECAKE MINI,1.0,0.0
Person_0214,DELIVERY CHARGE,1.0,
Person_0214,PISTACHIO MINI,1.0,0.0
Person_0214,THE ONE MINI,1.0,0.0
Person_0214,THE SHARING BOX.,1.0,
Person_0214,TRIPLE CHOCOLATE MINI,1.0,0.0
Person_0215,CARAMEL DIP.(R),1.0,0.0
Person_0215,CARAMEL MACHIATO,1.0,
Person_0215,CHIMNEY BERRY MIX,1.0,
Person_0215,CONUT BITES,1.0,
Person_0215,CONUT BITES,1.0,
Person_0215,DELIVERY CHARGE,1.0,
Person_0215,FULL FAT MILK,1.0,0.0
Person_0215,ICED,1.0,0.0
Person_0215,NUTELLA DIP.(R),1.0,0.0
Person_0215,"""  NUTELLA SAUCE",1.0,
Person_0215,NUTELLA SPREAD CHIMNEY.,1.0,0.0
Person_0215,REGULAR.,1.0,0.0
Person_0215,"""  WHIPPED CREAM",1.0,
Person_0216,CONUT BERRY MIX,1.0,
Person_0216,DELIVERY CHARGE,1.0,
Person_0216,NUTELLA SAUCE . (R),1.0,0.0
Person_0216,NUTELLA SPREAD CONUT.,1.0,0.0
Person_0216,"""  WHIPPED CREAM",1.0,
Person_0217,BROWNIES . (R),1.0,0.0
Person_0217,"""  CARAMEL SAUCE",1.0,
Person_0217,CHIMNEY THE ONE,1.0,
Person_0217,CHIMNEY THE ORIGINAL,1.0,
Person_0217,DELIVERY CHARGE,1.0,
Person_0217,ICE CREAM ON THE SIDE,1.0,0.0
Person_0217,"""  NUTELLA SAUCE",1.0,
Person_0217,NUTELLA SPREAD CHIMNEY.,1.0,0.0
Person_0217,NUTELLA SPREAD CHIMNEY.,1.0,0.0
Person_0217,"""  STRAWBERRY",1.0,
Person_0218,"""  CARAMEL SAUCE",1.0,
Person_0218,CHIMNEY THE ONE,1.0,
Person_0218,CHIMNEY THE ONE,1.0,
Person_0218,CHIMNEY THE ONE,1.0,
Person_0218,CLASSIC CHIMNEY,1.0,
Person_0218,DELIVERY CHARGE,1.0,
Person_0218,LOTUS SPREAD CHIMNEY.,1.0,0.0
Person_0218,LOTUS SPREAD CHIMNEY.,1.0,0.0
Person_0218,NO TOPPINGS,1.0,0.0
Person_0218,NUTELLA SPREAD CHIMNEY,1.0,
Person_0218,NUTELLA SPREAD CHIMNEY.,1.0,0.0
Person_0218,NUTELLA SPREAD CHIMNEY.,1.0,0.0
Person_0218,PRESSED,1.0,0.0
Person_0218,"""  STRAWBERRY",1.0,
Person_0218,"""  STRAWBERRY",1.0,
Person_0218,"""  STRAWBERRY",1.0,
Person_0218,WHITE CHOCOLATE SAUCE .(R),1.0,0.0
Person_0219,AFFOGATO,1.0,
Person_0219,BLUEBERRIES.,1.0,
Person_0219,CHIMNEY THE ONE,1.0,
Person_0219,CLASSIC CHIMNEY,1.0,
Person_0219,DELIVERY CHARGE,1.0,
Person_0219,MINI THE ONE,1.0,
Person_0219,NO SPREAD,1.0,0.0
Person_0219,NO SPREAD .,1.0,0.0
Person_0219,NO TOPPINGS,1.0,0.0
Person_0219,"""  NO TOPPINGS",1.0,
Person_0219,"""  NO TOPPINGS",1.0,
Person_0219,NUTELLA SPREAD CHIMNEY.,1.0,0.0
Person_0219,PRESSED,1.0,0.0
Person_0219,"""  STRAWBERRY",1.0,
Person_0220,CLASSIC CHIMNEY,1.0,
Person_0220,DELIVERY CHARGE,1.0,
Person_0220,NUTELLA SPREAD CHIMNEY.,1.0,0.0
Person_0220,PRESSED,1.0,0.0
Person_0220,WHITE CHOCOLATE SPREAD CHIMNEY,1.0,
Person_0221,CHIMNEY BERRY MIX,1.0,
Person_0221,"""  CRUSHED LOTUS",1.0,
Person_0221,"""  CRUSHED LOTUS",-1.0,
Person_0221,DELIVERY CHARGE,-1.0,
Person_0221,DELIVERY CHARGE,1.0,
Person_0221,DELIVERY CHARGE,1.0,
Person_0221,MINI BERRY MIX,1.0,
Person_0221,MINI BERRY MIX,-1.0,
Person_0221,MINI BOSTON CHEESECAKE,-1.0,
Person_0221,MINI BOSTON CHEESECAKE,1.0,
Person_0221,NO SPREAD .,1.0,0.0
Person_0221,NO SPREAD .,-1.0,0.0
Person_0221,"""  NUTELLA SAUCE",-1.0,
Person_0221,"""  NUTELLA SAUCE",1.0,
Person_0221,"""  NUTELLA SAUCE",1.0,
Person_0221,NUTELLA SPREAD CHIMNEY.,1.0,0.0
Person_0221,NUTELLA SPREAD MINI.,1.0,0.0
Person_0221,NUTELLA SPREAD MINI.,-1.0,0.0
Person_0221,STRAWBERRY .(R),-1.0,0.0
Person_0221,STRAWBERRY .(R),1.0,0.0
Person_0221,"""  WHIPPED CREAM",1.0,
Person_0221,WHIPPED CREAM  .,1.0,0.0
Person_0221,WHIPPED CREAM  .,-1.0,0.0
Person_0222,"""  BROWNIES",1.0,
Person_0222,"""  CARAMEL SAUCE",1.0,
Person_0222,CONUT THE ONE,1.0,
Person_0222,CONUT TRIPLE CHOCOLATE,1.0,
Person_0222,DELIVERY CHARGE,1.0,
Person_0222,NUTELLA SAUCE . (R),1.0,0.0
Person_0222,NUTELLA SPREAD CONUT.,1.0,0.0
Person_0222,"""  STRAWBERRY",1.0,
Person_0222,WHITE CHOCOLATE SPREAD CONUT.,1.0,0.0
Person_0223,"""  CARAMEL SAUCE",1.0,
Person_0223,"""  CARAMEL SAUCE",1.0,
Person_0223,CONUT THE ONE,1.0,
Person_0223,CONUT THE ONE,1.0,
Person_0223,DELIVERY CHARGE,1.0,
Person_0223,NUTELLA SPREAD CONUT.,1.0,0.0
Person_0223,NUTELLA SPREAD CONUT.,1.0,0.0
Person_0223,"""  STRAWBERRY",1.0,
Person_0223,"""  STRAWBERRY",1.0,
Person_0224,CONUT THE ONE,1.0,
Person_0224,DELIVERY CHARGE,1.0,
Person_0224,LOTUS SPREAD CONUT.,1.0,0.0
Person_0224,"""  RASPBERRY JAM",1.0,
Person_0224,"""  RASPBERRY JAM",1.0,
Person_0225,BROWNIES . (R),1.0,0.0
Person_0225,"""  CARAMEL SAUCE",1.0,
Person_0225,"""  CARAMEL SAUCE",1.0,
Person_0225,CHIMNEY BOSTON CHEESECAKE,1.0,
Person_0225,CHIMNEY THE ONE,1.0,
Person_0225,CHIMNEY TRIPLE CHOCOLATE,1.0,
Person_0225,CONUT BOSTON CHEESECAKE,1.0,
Person_0225,CRUSHED LOTUS .(R),1.0,0.0
Person_0225,DELIVERY CHARGE,1.0,
Person_0225,DELIVERY CHARGE,1.0,
Person_0225,"""  NO SPREAD",1.0,
Person_0225,NO SPREAD..,1.0,0.0
Person_0225,"""  NUTELLA SAUCE",1.0,
Person_0225,NUTELLA SPREAD CHIMNEY.,1.0,0.0
Person_0225,"""  STRAWBERRY",1.0,
Person_0225,"""  STRAWBERRY",1.0,
Person_0225,"""  STRAWBERRY",1.0,
Person_0225,TIRAMISU CONUT,1.0,
Person_0225,WHITE CHOCOLATE SPREAD CHIMNEY.,1.0,0.0
Person_0226,ADD ICE CREAM,1.0,
Person_0226,BROWNIES . (R),1.0,0.0
Person_0226,CHIMNEY TRIPLE CHOCOLATE,1.0,
Person_0226,DELIVERY CHARGE,1.0,
Person_0226,ICE CREAM ON THE SIDE,1.0,0.0
Person_0226,NUTELLA SAUCE.,1.0,
Person_0226,WHITE CHOCOLATE SAUCE .(R),1.0,0.0
Person_0226,WHITE CHOCOLATE SPREAD CHIMNEY.,1.0,0.0
Person_0227,ADD ICE CREAM,1.0,
Person_0227,BROWNIES . (R),1.0,0.0
Person_0227,CHIMNEY TRIPLE CHOCOLATE,1.0,
Person_0227,DELIVERY CHARGE,1.0,
Person_0227,ICE CREAM ON THE SIDE,1.0,0.0
Person_0227,"""  NUTELLA SAUCE",1.0,
Person_0227,WHITE CHOCOLATE SPREAD CHIMNEY.,1.0,0.0
Person_0228,"""  BROWNIES",1.0,
Person_0228,"""  CARAMEL SAUCE",1.0,
Person_0228,CHIMNEY THE ONE,1.0,
Person_0228,CONUT PISTACHIO,1.0,
Person_0228,CONUT TRIPLE CHOCOLATE,1.0,
Person_0228,DELIVERY CHARGE,1.0,
Person_0228,NO SPREAD..,1.0,0.0
Person_0228,NUTELLA SAUCE . (R),1.0,0.0
Person_0228,NUTELLA SPREAD CHIMNEY.,1.0,0.0
Person_0228,PISTACHIO TOPPING,1.0,0.0
Person_0228,"""  STRAWBERRY",1.0,
Person_0228,"""  STRAWBERRY",1.0,
Person_0228,WHITE CHOCOLATE SPREAD CONUT.,1.0,0.0
Person_0229,CLASSIC CHIMNEY,1.0,
Person_0229,CLASSIC CHIMNEY,1.0,
Person_0229,DELIVERY CHARGE,1.0,
Person_0229,LOTUS SPREAD CHIMNEY.,1.0,0.0
Person_0229,PRESSED,1.0,0.0
Person_0229,PRESSED,1.0,0.0
Person_0229,WHITE CHOCOLATE SPREAD CHIMNEY.,1.0,0.0
Person_0230,[STRAWBERRY DRESSING],1.0,0.0
Person_0230,[STRAWBERRY DRESSING],1.0,0.0
Person_0230,ADD ICE CREAM,1.0,
Person_0230,"""  CARAMEL SAUCE",1.0,
Person_0230,CHERRY JAM DIP.(P),1.0,
Person_0230,CHIMNEY THE ONE,1.0,
Person_0230,CHIMNEY THE ONE,1.0,
Person_0230,CONUT BERRY MIX,1.0,
Person_0230,CONUT BITES,1.0,
Person_0230,"""  CRUSHED LOTUS",1.0,
Person_0230,DELIVERY CHARGE,1.0,
Person_0230,DELIVERY CHARGE,1.0,
Person_0230,FULL FAT MILK,1.0,0.0
Person_0230,FULL FAT MILK,1.0,0.0
Person_0230,ICE CREAM ON THE SIDE,1.0,0.0
Person_0230,MINI BOSTON CHEESECAKE,1.0,
Person_0230,NO SPREAD .,1.0,0.0
Person_0230,NUTELLA SAUCE . (R),1.0,0.0
Person_0230,"""  NUTELLA SAUCE",1.0,
Person_0230,NUTELLA SPREAD CHIMNEY.,1.0,0.0
Person_0230,NUTELLA SPREAD CHIMNEY.,1.0,0.0
Person_0230,NUTELLA SPREAD CONUT.,1.0,0.0
Person_0230,STRAWBERRY .(R),1.0,0.0
Person_0230,STRAWBERRY MILKSHAKE,1.0,
Person_0230,STRAWBERRY MILKSHAKE,1.0,
Person_0230,"""  STRAWBERRY",1.0,
Person_0230,"""  STRAWBERRY",1.0,
Person_0230,"""  WHIPPED CREAM",1.0,
Person_0230,WHIPPED CREAM...,1.0,0.0
Person_0230,WHIPPED CREAM...,1.0,0.0
Person_0231,BROWNIES . (R),1.0,0.0
Person_0231,CHIMNEY TRIPLE CHOCOLATE,1.0,
Person_0231,DELIVERY CHARGE,1.0,
Person_0231,"""  NUTELLA SAUCE",1.0,
Person_0231,WHITE CHOCOLATE SPREAD CHIMNEY.,1.0,0.0
Person_0232,BOSTON CHEESECAKE CHIMNEY,1.0,0.0
Person_0232,CHIMNEY COMBO.,1.0,
Person_0232,DELIVERY CHARGE,1.0,
Person_0232,PISTACHIO CHIMNEY,1.0,0.0
Person_0232,THE ONE CHIMNEY,1.0,0.0
Person_0232,TRIPLE CHOCOLATE CHIMNEY,1.0,0.0
Person_0233,CAFFE LATTE,1.0,
Person_0233,CHIMNEY THE ONE,1.0,
Person_0233,DELIVERY CHARGE,1.0,
Person_0233,FULL FAT MILK,1.0,0.0
Person_0233,ICED,1.0,0.0
Person_0233,"""  NUTELLA SAUCE",1.0,
Person_0233,NUTELLA SPREAD CHIMNEY.,1.0,0.0
Person_0233,REGULAR.,1.0,0.0
Person_0233,"""  STRAWBERRY",1.0,
Person_0234,BOSTON CHEESECAKE MINI,1.0,0.0
Person_0234,DELIVERY CHARGE,1.0,
Person_0234,PISTACHIO MINI,1.0,0.0
Person_0234,THE ONE MINI,1.0,0.0
Person_0234,THE SHARING BOX.,1.0,
Person_0234,TRIPLE CHOCOLATE MINI,1.0,0.0
Person_0235,BOSTON CHEESECAKE MINI,1.0,0.0
Person_0235,DELIVERY CHARGE,1.0,
Person_0235,PISTACHIO MINI,1.0,0.0
Person_0235,THE ONE MINI,1.0,0.0
Person_0235,THE SHARING BOX.,1.0,
Person_0235,TRIPLE CHOCOLATE MINI,1.0,0.0
Person_0236,"""  BROWNIES",1.0,
Person_0236,BROWNIES . (R),1.0,0.0
Person_0236,"""  BROWNIES",1.0,
Person_0236,"""  CARAMEL SAUCE",1.0,
Person_0236,"""  CARAMEL SAUCE",1.0,
Person_0236,CHIMNEY THE ONE,1.0,
Person_0236,CHIMNEY THE ONE,1.0,
Person_0236,CHIMNEY TRIPLE CHOCOLATE,1.0,
Person_0236,CONUT BERRY MIX,1.0,
Person_0236,CONUT THE ORIGINAL,1.0,
Person_0236,HOT,1.0,0.0
Person_0236,HOT,1.0,0.0
Person_0236,HOT,1.0,0.0
Person_0236,MINI THE ORIGINAL,1.0,
Person_0236,"""  NUTELLA SAUCE",1.0,
Person_0236,NUTELLA SAUCE . (R),1.0,0.0
Person_0236,NUTELLA SAUCE . (R),1.0,0.0
Person_0236,"""  NUTELLA SAUCE",1.0,
Person_0236,NUTELLA SPREAD CHIMNEY.,1.0,0.0
Person_0236,NUTELLA SPREAD CHIMNEY.,1.0,0.0
Person_0236,NUTELLA SPREAD CONUT.,1.0,0.0
Person_0236,NUTELLA SPREAD CONUT.,1.0,0.0
Person_0236,NUTELLA SPREAD MINI.,1.0,0.0
Person_0236,REGULAR.,1.0,0.0
Person_0236,REGULAR.,1.0,0.0
Person_0236,REGULAR.,1.0,0.0
Person_0236,SINGLE ESPRESSO,1.0,
Person_0236,SINGLE ESPRESSO,1.0,
Person_0236,SINGLE ESPRESSO,1.0,
Person_0236,"""  STRAWBERRY",1.0,
Person_0236,"""  STRAWBERRY",1.0,
Person_0236,"""  WHIPPED CREAM",1.0,
Person_0236,WHITE CHOCOLATE SPREAD CHIMNEY.,1.0,0.0
Person_0237,"""  CARAMEL SAUCE",1.0,
Person_0237,CONUT BOSTON CHEESECAKE,1.0,
Person_0237,CONUT THE ONE,1.0,
Person_0237,"""  CRUSHED LOTUS",1.0,
Person_0237,"""  DARK CHOCOLATE CHIPS",1.0,
Person_0237,DELIVERY CHARGE,1.0,
Person_0237,NO SPREAD..,1.0,0.0
Person_0237,NUTELLA SPREAD CONUT.,1.0,0.0
Person_0237,"""  STRAWBERRY",1.0,
Person_0238,TAKE AWAY,1.0,0.0
Person_0238,TAKE AWAY,1.0,0.0
Person_0239,ADD ICE CREAM,1.0,
Person_0239,BROWNIES . (R),1.0,0.0
Person_0239,BROWNIES . (R),1.0,0.0
Person_0239,BROWNIES . (R),1.0,0.0
Person_0239,BROWNIES . (R),-1.0,0.0
Person_0239,"""  CARAMEL SAUCE",-1.0,
Person_0239,"""  CARAMEL SAUCE",1.0,
Person_0239,"""  CARAMEL SAUCE",1.0,
Person_0239,"""  CARAMEL SAUCE",1.0,
Person_0239,CHIMNEY BOSTON CHEESECAKE,1.0,
Person_0239,CHIMNEY THE ONE,1.0,
Person_0239,CHIMNEY THE ONE,1.0,
Person_0239,CHIMNEY THE ONE,1.0,
Person_0239,CHIMNEY THE ONE,1.0,
Person_0239,CHIMNEY THE ONE,-1.0,
Person_0239,CHIMNEY TRIPLE CHOCOLATE,-1.0,
Person_0239,CHIMNEY TRIPLE CHOCOLATE,1.0,
Person_0239,CHIMNEY TRIPLE CHOCOLATE,1.0,
Person_0239,CHIMNEY TRIPLE CHOCOLATE,1.0,
Person_0239,CONUT PISTACHIO,1.0,
Person_0239,CRUSHED LOTUS .(R),1.0,0.0
Person_0239,ICE CREAM BOWL,1.0,
Person_0239,ICE CREAM BOWL,-1.0,
Person_0239,ICE CREAM BOWL,1.0,
Person_0239,ICE CREAM ON TOP,1.0,0.0
Person_0239,"""  NO SPREAD",1.0,
Person_0239,NO SPREAD..,1.0,0.0
Person_0239,NUTELLA SAUCE . (R),1.0,0.0
Person_0239,NUTELLA SAUCE . (R),-1.0,0.0
Person_0239,NUTELLA SAUCE . (R),1.0,0.0
Person_0239,"""  NUTELLA SAUCE",1.0,
Person_0239,"""  NUTELLA SAUCE",-1.0,
Person_0239,"""  NUTELLA SAUCE",1.0,
Person_0239,"""  NUTELLA SAUCE",1.0,
Person_0239,"""  NUTELLA SAUCE",1.0,
Person_0239,NUTELLA SPREAD CHIMNEY.,1.0,0.0
Person_0239,NUTELLA SPREAD CHIMNEY.,-1.0,0.0
Person_0239,NUTELLA SPREAD CHIMNEY.,1.0,0.0
Person_0239,NUTELLA SPREAD CHIMNEY.,1.0,0.0
Person_0239,NUTELLA SPREAD CHIMNEY.,1.0,0.0
Person_0239,PISTACHIO TOPPING,1.0,0.0
Person_0239,"""  STRAWBERRY",1.0,
Person_0239,"""  STRAWBERRY",1.0,
Person_0239,"""  STRAWBERRY",-1.0,
Person_0239,"""  STRAWBERRY",1.0,
Person_0239,"""  STRAWBERRY",1.0,
Person_0239,"""  STRAWBERRY",1.0,
Person_0239,"""  STRAWBERRY",1.0,
Person_0239,"""  WHIPPED CREAM",1.0,
Person_0239,"""  WHIPPED CREAM",-1.0,
Person_0239,"""  WHIPPED CREAM",1.0,
Person_0239,WHIPPED CREAM . (P),1.0,
Person_0239,WHIPPED CREAM . (P),1.0,
Person_0239,WHIPPED CREAM . (P),-1.0,
Person_0239,WHITE CHOCOLATE SPREAD CHIMNEY.,-1.0,0.0
Person_0239,WHITE CHOCOLATE SPREAD CHIMNEY.,1.0,0.0
Person_0239,WHITE CHOCOLATE SPREAD CHIMNEY.,1.0,0.0
Person_0239,WHITE CHOCOLATE SPREAD CHIMNEY.,1.0,0.0
Person_0240,ADD ICE CREAM,1.0,
Person_0240,ADD ICE CREAM,1.0,
Person_0240,ADD ICE CREAM,1.0,
Person_0240,"""  BROWNIES",1.0,
Person_0240,CRISPY CREPE . (R),1.0,0.0
Person_0240,ICE CREAM BOWL,1.0,
Person_0240,ICE CREAM BOWL,1.0,
Person_0240,ICE CREAM BOWL,1.0,
Person_0240,ICE CREAM BOWL,1.0,
Person_0240,ICE CREAM BOWL,1.0,
Person_0240,ICE CREAM BOWL,1.0,
Person_0240,ICE CREAM ON TOP,1.0,0.0
Person_0240,ICE CREAM ON TOP,1.0,0.0
Person_0240,ICE CREAM ON TOP,1.0,0.0
Person_0240,NO TOPPINGS.,1.0,0.0
Person_0240,NUTELLA DIP (R),1.0,
Person_0240,NUTELLA DIP (R),1.0,
Person_0240,NUTELLA DIP (R),1.0,
Person_0240,NUTELLA SAUCE . (R),1.0,0.0
Person_0240,NUTELLA SAUCE . (R),1.0,0.0
Person_0240,NUTELLA SAUCE . (R),1.0,0.0
Person_0240,NUTELLA SAUCE . (R),1.0,0.0
Person_0240,NUTELLA SAUCE . (R),1.0,0.0
Person_0240,NUTELLA SAUCE . (R),1.0,0.0
Person_0240,NUTELLA SAUCE . (R),1.0,0.0
Person_0240,NUTELLA SAUCE . (R),1.0,0.0
Person_0240,NUTELLA SAUCE . (R),1.0,0.0
Person_0240,NUTELLA SAUCE . (R),1.0,0.0
Person_0240,NUTELLA SAUCE . (R),1.0,0.0
Person_0240,NUTELLA SAUCE . (R),1.0,0.0
Person_0240,NUTELLA SAUCE . (R),1.0,0.0
Person_0240,NUTELLA SAUCE . (R),1.0,0.0
Person_0240,NUTELLA SAUCE . (R),1.0,0.0
Person_0240,WATER,3.0,
Person_0241,[NO DRESSING],1.0,0.0
Person_0241,[NO DRESSING],1.0,0.0
Person_0241,DOUBLE CHOCOLATE MILKSHAKE,1.0,
Person_0241,FULL FAT MILK,1.0,0.0
Person_0241,FULL FAT MILK,1.0,0.0
Person_0241,FULL FAT MILK,1.0,0.0
Person_0241,FULL FAT MILK,1.0,0.0
Person_0241,HOT CHOCOLATE,1.0,
Person_0241,HOT CHOCOLATE,1.0,
Person_0241,NO MARSHMALLLOWS,1.0,0.0
Person_0241,NO MARSHMALLLOWS,1.0,0.0
Person_0241,NO WHIPPED CREAM,1.0,0.0
Person_0241,NO WHIPPED CREAM,1.0,0.0
Person_0241,VANILLA MILKSHAKE,1.0,
Person_0242,BROWNIES . (R),1.0,0.0
Person_0242,BROWNIES . (R),1.0,0.0
Person_0242,CAFFE AMERICANO,1.0,
Person_0242,CHIMNEY THE ONE,1.0,
Person_0242,CHIMNEY THE ONE,1.0,
Person_0242,CHIMNEY THE ONE,1.0,
Person_0242,CONUT THE ONE,1.0,
Person_0242,DECAF,1.0,0.0
Person_0242,HOT,1.0,0.0
Person_0242,NUTELLA SAUCE . (R),1.0,0.0
Person_0242,"""  NUTELLA SAUCE",1.0,
Person_0242,NUTELLA SAUCE.,1.0,
Person_0242,NUTELLA SAUCE.,1.0,
Person_0242,NUTELLA SPREAD CHIMNEY.,1.0,0.0
Person_0242,NUTELLA SPREAD CHIMNEY.,1.0,0.0
Person_0242,NUTELLA SPREAD CHIMNEY.,1.0,0.0
Person_0242,NUTELLA SPREAD CONUT.,1.0,0.0
Person_0242,"""  STRAWBERRY",1.0,
Person_0242,"""  STRAWBERRY",1.0,
Person_0242,"""  STRAWBERRY",1.0,
Person_0242,"""  STRAWBERRY",1.0,
Person_0242,TAKE AWAY,1.0,0.0
Person_0242,WATER,1.0,
Person_0242,WATER,1.0,
Person_0242,WATER,1.0,
Person_0243,ADD ICE CREAM,1.0,
Person_0243,BROWNIES . (R),1.0,0.0
Person_0243,"""  BROWNIES",1.0,
Person_0243,"""  CARAMEL SAUCE",1.0,
Person_0243,"""  CARAMEL SAUCE",1.0,
Person_0243,CHIMNEY THE ONE,1.0,
Person_0243,CHIMNEY THE ORIGINAL,1.0,
Person_0243,CLASSIC CHIMNEY,1.0,
Person_0243,CONUT BERRY MIX,1.0,
Person_0243,CONUT THE ONE,1.0,
Person_0243,ICE CREAM ON TOP,1.0,0.0
Person_0243,ICE CREAM ON TOP,1.0,0.0
Person_0243,MINI THE ORIGINAL,1.0,
Person_0243,"""  NUTELLA SAUCE",1.0,
Person_0243,NUTELLA SAUCE . (R),1.0,0.0
Person_0243,NUTELLA SPREAD CHIMNEY.,1.0,0.0
Person_0243,NUTELLA SPREAD CHIMNEY.,1.0,0.0
Person_0243,NUTELLA SPREAD CHIMNEY.,1.0,0.0
Person_0243,NUTELLA SPREAD CONUT.,1.0,0.0
Person_0243,NUTELLA SPREAD CONUT.,1.0,0.0
Person_0243,NUTELLA SPREAD MINI.,1.0,0.0
Person_0243,PRESSED,1.0,0.0
Person_0243,STRAWBERRIES (R),1.0,
Person_0243,"""  STRAWBERRY",1.0,
Person_0243,"""  STRAWBERRY",1.0,
Person_0243,"""  STRAWBERRY",1.0,
Person_0243,"""  WHIPPED CREAM",1.0,
Person_0244,CHIMNEY THE ONE,1.0,
Person_0244,"""  NUTELLA SAUCE",1.0,
Person_0244,NUTELLA SPREAD CHIMNEY.,1.0,0.0
Person_0244,"""  STRAWBERRY",1.0,
Person_0245,DOUBLE ESPRESSO,1.0,
Person_0245,HOT,1.0,0.0
Person_0245,HOT,1.0,0.0
Person_0245,HOT,1.0,0.0
Person_0245,HOT,1.0,0.0
Person_0245,HOT,1.0,0.0
Person_0245,HOT,1.0,0.0
Person_0245,HOT,1.0,0.0
Person_0245,HOT,1.0,0.0
Person_0245,HOT,1.0,0.0
Person_0245,HOT,1.0,0.0
Person_0245,HOT,1.0,0.0
Person_0245,ICE CREAM BOWL,1.0,
Person_0245,NUTELLA SAUCE . (R),1.0,0.0
Person_0245,REGULAR.,1.0,0.0
Person_0245,REGULAR.,1.0,0.0
Person_0245,REGULAR.,1.0,0.0
Person_0245,REGULAR.,1.0,0.0
Person_0245,REGULAR.,1.0,0.0
Person_0245,REGULAR.,1.0,0.0
Person_0245,REGULAR.,1.0,0.0
Person_0245,REGULAR.,1.0,0.0
Person_0245,REGULAR.,1.0,0.0
Person_0245,REGULAR.,1.0,0.0
Person_0245,REGULAR.,1.0,0.0
Person_0245,SINGLE ESPRESSO,1.0,
Person_0245,SINGLE ESPRESSO,1.0,
Person_0245,SINGLE ESPRESSO,1.0,
Person_0245,SINGLE ESPRESSO,1.0,
Person_0245,SINGLE ESPRESSO,1.0,
Person_0245,SINGLE ESPRESSO,1.0,
Person_0245,SINGLE ESPRESSO,1.0,
Person_0245,SINGLE ESPRESSO,1.0,
Person_0245,SINGLE ESPRESSO,1.0,
Person_0245,SINGLE ESPRESSO,1.0,
Person_0245,"""  STRAWBERRY",1.0,
Person_0245,"""  STRAWBERRY",1.0,
Person_0245,WATER,1.0,
Person_0245,WATER,1.0,
Person_0245,WATER,1.0,
Person_0245,WATER,1.0,
Person_0245,WATER,1.0,
Person_0245,WATER,1.0,
Person_0245,WATER,1.0,
Person_0245,WATER,1.0,
Person_0246,CHIMNEY BERRY MIX,1.0,
Person_0246,DELIVERY CHARGE,1.0,
Person_0246,"""  NUTELLA SAUCE",1.0,
Person_0246,"""  NUTELLA SAUCE",1.0,
Person_0246,NUTELLA SPREAD CHIMNEY.,1.0,0.0
Person_0133,BROWNIES . (R),1.0,0.0
Person_0133,"""  CARAMEL SAUCE",1.0,
Person_0133,"""  CARAMEL SAUCE",1.0,
Person_0133,CHIMNEY BERRY MIX,1.0,
Person_0133,CHIMNEY THE ONE,1.0,
Person_0133,CHIMNEY THE ONE,1.0,
Person_0133,CHIMNEY TRIPLE CHOCOLATE,1.0,
Person_0133,CLASSIC CHIMNEY,1.0,
Person_0133,CLASSIC CHIMNEY,1.0,
Person_0133,DELIVERY CHARGE,1.0,
Person_0133,NO SPREAD,1.0,0.0
Person_0133,NO SPREAD,1.0,0.0
Person_0133,"""  NUTELLA SAUCE",1.0,
Person_0133,"""  NUTELLA SAUCE",1.0,
Person_0133,NUTELLA SPREAD CHIMNEY.,1.0,0.0
Person_0133,NUTELLA SPREAD CHIMNEY.,1.0,0.0
Person_0133,NUTELLA SPREAD CHIMNEY.,1.0,0.0
Person_0133,PRESSED,1.0,0.0
Person_0133,PRESSED,1.0,0.0
Person_0133,"""  STRAWBERRY",1.0,
Person_0133,"""  STRAWBERRY",1.0,
Person_0133,"""  WHIPPED CREAM",1.0,
Person_0133,WHITE CHOCOLATE SPREAD CHIMNEY.,1.0,0.0
Person_0247,CHIMNEY THE ONE,1.0,
Person_0247,CHIMNEY THE ONE,1.0,
Person_0247,CRUSHED LOTUS .(R),1.0,0.0
Person_0247,CRUSHED LOTUS .(R),1.0,0.0
Person_0247,DELIVERY CHARGE,1.0,
Person_0247,"""  LOTUS SAUCE",1.0,
Person_0247,"""  LOTUS SAUCE",1.0,
Person_0247,LOTUS SPREAD CHIMNEY.,1.0,0.0
Person_0247,LOTUS SPREAD CHIMNEY.,1.0,0.0
Person_0248,"""  BROWNIES",1.0,
Person_0248,"""  BROWNIES",1.0,
Person_0248,CONUT TRIPLE CHOCOLATE,1.0,
Person_0248,DELIVERY CHARGE,1.0,
Person_0248,MINI TRIPLE CHOCOLATE,1.0,
Person_0248,"""  NUTELLA SAUCE",1.0,
Person_0248,NUTELLA SAUCE . (R),1.0,0.0
Person_0248,WHITE CHOCOLATE SPREAD CONUT.,1.0,0.0
Person_0248,WHITE CHOCOLATE SPREAD MINI.,1.0,0.0
Person_0249,CHIMNEY THE ONE,1.0,
Person_0249,CRUSHED LOTUS .(R),1.0,0.0
Person_0249,DELIVERY CHARGE,1.0,
Person_0249,"""  LOTUS SAUCE",1.0,
Person_0249,LOTUS SPREAD CHIMNEY.,1.0,0.0
